지역,매장명,매장현황,주소,서비스,전화번호,전처리_주소,위도,경도
서울 강남구,강남우리라운지점,영업중,서울특별시 강남구 테헤란로 301 역삼동 701-02 삼정빌딩 1층,주차,02-566-1002,서울특별시 강남구 테헤란로 301 역삼동 701-02 삼정빌딩 1층,37.503116773,127.043062532
경남 창원시 진해구,진해경화점,영업중,경상남도 창원시 진해구 조천북로 76 (경화동) .,주차,055-547-9906,경상남도 창원시 진해구 조천북로 76,35.160342737,128.680839728
경기 고양시 덕양구,고양신원점_오픈예정,영업중,"경기도 고양시 덕양구 권율대로 896-19 1~3층(신원동, 퍼플란드)",주차,02.381-7666,경기도 고양시 덕양구 권율대로 896-19 1~3층,37.662336903,126.891768100
경기 부천시,부천심곡점_오픈예정,영업중,경기도 부천시 장말로 376  심곡동 355-1,주차,.,경기도 부천시 장말로 376  심곡동 355-1,37.489784252,126.783646599
제주 제주시,제주연북로점,영업중,제주특별자치도 제주시  오남로 166 (오라이동 1550-11),테라스 주차,070-4123-5111,제주특별자치도 제주시  오남로 166,33.481413266,126.515364191
전북 군산시,군산선유도점,영업중,전라북도 군산시 옥도면 선유도리 213-3 .,테라스 주차,063-464-9314,전라북도 군산시 옥도면 선유도리 213-3,0,0
경기 고양시 덕양구,고양삼송점,영업중,"경기도 고양시 덕양구 삼송로 222 (삼송동, 삼송역현대헤리엇) 1층 할리스",주차,070-7643-6611,경기도 고양시 덕양구 삼송로 222,37.652933956,126.899046251
서울 종로구,독립문역점,영업중,"서울특별시 종로구 통일로 230 (무악동, 경희궁롯데캐슬) 상가동  지하1층 117호",주차,010-2594-7308,서울특별시 종로구 통일로 230,37.574370317,126.958628718
전북 익산시,익산모현점,영업중,전라북도 익산시 선화로3길 16-10 1층,,063-842-8420,전라북도 익산시 선화로3길 16-10 1층,35.949994709,126.938898139
서울 강서구,마곡퀸즈파크나인점,영업중,"서울시 강서구 공항대로 247(마곡동,퀸즈파크나인) 127호,232호 1,2층",주차,02-6421-9888,서울시 강서구 공항대로 247,37.559335202,126.834911833
경기 고양시 일산서구,일산문촌마을점,영업중,"경기도 고양시 일산서구 중앙로 1493 ,상가동 1층 1001-1, 1001-2",주차,070-7797-3247,경기도 고양시 일산서구 중앙로 1493,37.672544108,126.754006252
서울 종로구,성균관대점,영업중,서울특별시 종로구 성균관로 6 (명륜2가 204) 1~4층,테라스,02-743-8526,서울특별시 종로구 성균관로 6,37.583545565,126.998406286
대전 서구,대전건양대병원점,영업중,"대전광역시 서구 관저동로 158 (관저동, 건양대학교병원) 신관 지하1층",주차,042-543-3138,대전광역시 서구 관저동로 158,36.306880922,127.344605551
대전 유성구,대전유성온천점,영업중,"대전 유성구 온천로 45  1,2층",주차,042-825-2023,대전 유성구 온천로 45  1,36.355899510,127.343128911
경기 시흥시,스틸랜드점,영업중,"경기도 시흥시 오이도로 21 (정왕동, STEELLAND) 1층",테라스 주차,070-8802-8041,경기도 시흥시 오이도로 21,37.345704476,126.701417057
경남 거제시,거제휴게소점,영업중,경상남도 거제시 장목면 거가대로 1068 .,주차,055-736-2200,경상남도 거제시 장목면 거가대로 1068,34.973597135,128.693343612
부산 강서구,가덕휴게소점,영업중,부산광역시 강서구 거가대로 2571 (천성동) .,주차,051-715-2200,부산광역시 강서구 거가대로 2571,35.023081677,128.807701774
경기 성남시 분당구,판교역점,영업중,"경기도 성남시 분당구 판교역로192번길 12 (삼평동, 판교미래에셋센터) 1층",테라스 주차,031-8061-0778,경기도 성남시 분당구 판교역로192번길 12,37.397470914,127.110713311
서울 노원구,태릉입구역점,영업중,"서울특별시 노원구 화랑로 453 (공릉동, 그린힐) 1층",주차,02-976-0078,서울특별시 노원구 화랑로 453,37.618621345,127.077566854
경기 광명시,광명하안점,영업중,"경기도 광명시 하안로 293-6 (하안동, 두원빌딩) 1층",주차,070-8837-4575,경기도 광명시 하안로 293-6,37.461831477,126.879665796
경남 창원시 마산합포구,마산저도점,영업중,경상남도 창원시 마산합포구 구산면 해양관광로 1872-50 2~3층,테라스 주차,055-243-1052,경상남도 창원시 마산합포구 구산면 해양관광로 1872-50 2~3층,35.067799281,128.562485300
경기 화성시,화성조암점,영업중,경기도 화성시 우정읍 쌍봉로 76 103호,테라스 주차,031-358-3567,경기도 화성시 우정읍 쌍봉로 76 103호,37.087046592,126.815228672
충북 청주시 서원구,청주성화점,영업중,충청북도 청주시 서원구 신성화로 39 (성화동) 1~2층,,043-233-6296,충청북도 청주시 서원구 신성화로 39,36.618509811,127.458096958
경기 구리시,모다아울렛구리점,영업중,"경기도 구리시 경춘북로 230 (갈매동, 모다아울렛) .",주차,031-514-8194,경기도 구리시 경춘북로 230,37.633347432,127.115926989
서울 서대문구,가재울점,영업중,서울특별시 서대문구 모래내로15길 56 (남가좌동) 1층,테라스,02-304-0173,서울특별시 서대문구 모래내로15길 56,37.574113041,126.919331694
서울 구로구,구로디지털점,영업중,"서울특별시 구로구 디지털로31길 12 1층 105,106호",테라스 주차,070-7576-4842,서울특별시 구로구 디지털로31길 12 1층 105,37.485337454,126.894893845
경기 안성시,(상)안성맞춤휴게소점,영업중,경기도 안성시 서운면 평택제천고속도로 41 (안성맞춤휴게소평택방향) .,주차,031-673-3822,경기도 안성시 서운면 평택제천고속도로 41,36.969905630,127.274749361
전남 나주시,나주빛가람혁신도시점,영업중,전라남도 나주시 배멧3길 5-4 (빛가람동) .,주차,061-334-5466,전라남도 나주시 배멧3길 5-4,35.018974581,126.785705080
서울 종로구,청계천점,영업중,"서울특별시 종로구  청계천로 81 1,2,3,4층",,02-735-5462,서울특별시 종로구  청계천로 81 1,37.568533499,126.986587445
충남 공주시,(논)탄천휴게소점,영업중,충청남도 공주시 탄천면 논산천안고속도로 27 (탄천하행휴게소) .,주차,.,충청남도 공주시 탄천면 논산천안고속도로 27,36.319157201,127.070040418
충남 공주시,(상)정안알밤휴게소점,영업중,충청남도 공주시 정안면 논산천안고속도로 58 (정안상행휴게소) 1층,테라스 주차,041-858-0562,충청남도 공주시 정안면 논산천안고속도로 58,36.569456520,127.115104442
인천 연수구,인천대입구역점,영업중,"인천광역시 연수구 인천타워대로132번길 34 (송도동) 104호,105호",주차,032-833-2808,인천광역시 연수구 인천타워대로132번길 34,37.386375828,126.643999009
경기 남양주시,남양주진접점,영업중,경기도 남양주시 진접읍 해밀예당1로 8-12 가동 1~2층,테라스 주차,031-523-3237,경기도 남양주시 진접읍 해밀예당1로 8-12 가동 1~2층,37.709625382,127.185254040
서울 송파구,방이역점,영업중,"서울특별시 송파구 양재대로72길 5 (오금동, 올림픽파크센트레빌) 1층",주차,02-403-0338,서울특별시 송파구 양재대로72길 5,37.509957398,127.127546868
서울 강남구,청담삼성로점,영업중,"서울특별시 강남구 삼성로119길 8 (삼성동, 강남대학교청담카이로스빌딩) 1층",,02-541-7755,서울특별시 강남구 삼성로119길 8,37.516255944,127.050613873
경기 김포시,김포운양점,영업중,"경기도 김포시 김포한강11로255번길 15 (운양동, 김포한강이랜드타운힐스) .",주차,031-986-2260,경기도 김포시 김포한강11로255번길 15,37.654787754,126.676821433
울산 남구,울산교보핫트랙스점,영업중,울산광역시 남구 화합로 185 (삼산동) 업스퀘어 B1 교보문고내,주차,052-990-5550,울산광역시 남구 화합로 185,35.541346327,129.338899637
강원 속초시,속초센텀마크점,영업중,강원도 속초시 중앙로121번길 28 (금호동) 1층,주차,033-638-8700,강원도 속초시 중앙로121번길 28,38.203200239,128.588820414
세종 세종시,세종가람DT점,영업중,세종특별자치시 금송로 589 (가람동) .,주차,044-865-8882,세종특별자치시 금송로 589,36.464713123,127.244339669
서울 중구,덕수궁점,영업중,서울특별시 중구  세종대로 91 (태평로2가) 1~2층 할리스,,02-6365-0143,서울특별시 중구  세종대로 91,37.564573011,126.976549203
경기 김포시,김포디원시티점,영업중,경기도 김포시 김포한강10로133번길 127 (구래동) 할리스커피,주차,031-8035-1750,경기도 김포시 김포한강10로133번길 127,37.644131440,126.618142753
대구 동구,대구봉무공원점,영업중,대구광역시 동구 단산길 4 (봉무동) 1~2층,주차,053-984-3001,대구광역시 동구 단산길 4,35.921670967,128.645669693
서울 영등포구,보라매역점,영업중,"서울특별시 영등포구 여의대방로 145 (신길동, 세인트빌딩) .",,02-845-1097,서울특별시 영등포구 여의대방로 145,37.500265296,126.920040617
충북 청주시 서원구,청주산남DT점,영업중,"충청북도 청주시 서원구 1순환로 892,1,2층(산남동)",DT 매장 주차,043-287-5731,충청북도 청주시 서원구 1순환로 892,36.606734359,127.483602504
충북 청주시 흥덕구,청주강서점,영업중,"충청북도 청주시 흥덕구 서현동로 8 (가경동, 하나빌딩) .",주차,043-263-8585,충청북도 청주시 흥덕구 서현동로 8,36.623040805,127.430476239
강원 원주시,(춘)원주휴게소점 ,영업중,강원도 원주시 호저면 마근거리길 110 (원주(춘천방향)휴게소) 옥산리 215,주차,033-731-4291,강원도 원주시 호저면 마근거리길 110,37.435686167,127.931417959
울산 울주군,(함)울주휴게소점,영업중,울산광역시 울주군 삼동면 보은리 산193-1 외 .,주차,052-933-5243,울산광역시 울주군 삼동면 보은리 산193-1 외,0,0
경기 평택시,평택이충DT점,영업중,경기도 평택시 추담로 30 A동 1~2층 (이충동),DT 매장 주차,031-667-7034,경기도 평택시 추담로 30 A동 1~2층,37.055503011,127.074190837
경기 평택시,평택지산점,영업중,"경기도 평택시 지산로 10, 1층 지산동 808-4, 101,102호",주차,031-8029-9005,경기도 평택시 지산로 10,37.078838632,127.055927495
서울 강북구,미아역점,영업중,"서울특별시 강북구 도봉로 203, 1-2층 미아동 209-2",테라스,070-7799-7374,서울특별시 강북구 도봉로 203,37.626774814,127.025718266
경북 성주군,성주성밖숲점,영업중,경상북도 성주군 성주읍 성밖숲길 7 .,주차,054-933-2222,경상북도 성주군 성주읍 성밖숲길 7,35.917419985,128.279486487
강원 속초시,속초영랑해변점,영업중,강원도 속초시 영랑해안길 205 (영랑동 148-172) 할리스,테라스 주차,033-637-0164,강원도 속초시 영랑해안길 205,38.218254705,128.593805226
경기 하남시,미사가로수길점,영업중,"경기도 하남시 미사강변한강로 295, 1층 112호 ~ 115호",주차,031-699-8674,경기도 하남시 미사강변한강로 295,37.564285028,127.198396752
서울 강서구,개화산점,영업중,"서울특별시 강서구 양천로 28 (방화동, 벽산에어트리움) 1층",테라스 주차,02-2064-1455,서울특별시 강서구 양천로 28,37.572519045,126.806805303
울산 남구,울산달동DT점,영업중,울산광역시 남구 번영로 82 (달동 1297-1) 할리스,DT 매장 테라스 주차,052-275-3022,울산광역시 남구 번영로 82,35.532989378,129.330316394
경기 하남시,미사효성해링턴점,영업중,"경기도 하남시 아리수로 570,1~2층 망월동 미사효성해링턴타워더퍼스트",주차,070-7733-9710,경기도 하남시 아리수로 570,37.566849990,127.190403915
인천 연수구,송도학원가점,영업중,인천광역시 연수구 신송로 168 송도동 20-13,주차,032-204-7700,인천광역시 연수구 신송로 168 송도동 20-13,37.398668258,126.648667160
인천 서구,인천당하점,영업중,"인천광역시 서구 서곶로 788 (당하동, 홀리랜드) 1층",주차,032-561-1578,인천광역시 서구 서곶로 788,37.588120968,126.675351744
경기 시흥시,시흥은계점,영업중,"경기도 시흥시 은계번영길 13 (은행동, 아리테타워) 107,108,203~205호",주차,031-520-8147,경기도 시흥시 은계번영길 13,37.437350528,126.802582679
서울 관악구,신림역점,영업중,서울특별시 관악구 신림로 313 (신림동) 2층,흡연시설,02-877-5596,서울특별시 관악구 신림로 313,37.482275803,126.929709879
대구 수성구,대구수성네거리점,영업중,"대구광역시 수성구 들안로 326 1,2층 수성동3가 254-2",,053-743-8700,대구광역시 수성구 들안로 326 1,35.859125133,128.617834154
인천 서구,인천서구청점,영업중,"인천광역시 서구 서곶로301번길 7-1 (심곡동, 세광빌딩) .",주차,032-569-1235,인천광역시 서구 서곶로301번길 7-1,37.544384803,126.675750215
부산 수영구,부산광안리점,영업중,"부산광역시 수영구 광안해변로 175 (광안동, 광안에이파크오션) 1~2층",주차,051-757-9433,부산광역시 수영구 광안해변로 175,35.150293329,129.115615357
부산 사상구,부산사상광장점,영업중,부산광역시 사상구 광장로 22 (괘법동) 2층 사상구 괘법동 565-2,주차,051-322-4117,부산광역시 사상구 광장로 22,35.162393565,128.978936555
경기 이천시,이천갈산점,영업중,경기도 이천시 향교로 161 (갈산동) 1층 .,주차,031-636-1791,경기도 이천시 향교로 161,37.284913800,127.455007114
경북 경산시,(서)경산휴게소점,영업중,경상북도 경산시 진량읍 대학로 1089 .,주차,053-853-5243,경상북도 경산시 진량읍 대학로 1089,35.879526009,128.809966612
충북 청주시 상당구,청주동남점,영업중,"충청북도 청주시 상당구 중고개로141번길 13-16 (용암동) 101,102,103호 .",,043-293-3030,충청북도 청주시 상당구 중고개로141번길 13-16,36.615739827,127.516385790
서울 동작구,대방역점,영업중,"서울특별시 동작구 알마타길 6 (대방동, 파밀리에 하늘마루) 101호, 102호 .",테라스 주차,02-825-6369,서울특별시 동작구 알마타길 6,37.510069681,126.924643329
경기 부천시 원미구,부천옥길점,영업중,"경기도 부천시 양지로 205, 1~2층 옥길동 793-2, 부천옥길 서영아너시티2",주차,070-4129-4130,경기도 부천시 양지로 205,37.467798001,126.824175586
경기 남양주시,다산진건점,영업중,경기도 남양주시 다산중앙로20번길 10-44 (다산동) 1층  .,주차,070-7808-1221,경기도 남양주시 다산중앙로20번길 10-44,37.614444588,127.157078470
인천 부평구,2001아울렛부평점,영업중,"인천광역시 부평구 경원대로 1277 (산곡동, 2001아울렛부평점) A동 1층",테라스 주차,032-525-1002,인천광역시 부평구 경원대로 1277,37.490949065,126.710241199
울산 남구,울산삼산점,영업중,울산광역시 남구 삼산중로 50 (삼산동) 2층,테라스 24시간,052-260-1121,울산광역시 남구 삼산중로 50,35.538001892,129.335920631
서울 강남구,강남대로논현점,영업중,"서울특별시 강남구 강남대로 520 (논현동, 영동빌딩) .",,02-6012-2372,서울특별시 강남구 강남대로 520,37.508633425,127.022954240
대전 유성구,대전호텔ICC점,영업중,대전광역시 유성구 엑스포로123번길 55 (도룡동) 1층,주차,042-866-5104,대전광역시 유성구 엑스포로123번길 55,36.377062536,127.392780908
서울 마포구,홍대거리점,영업중,"서울특별시 마포구 어울마당로 76-1, 2~4층 (서교동 364-19) 할리스",테라스 주차,02-323-3795,서울특별시 마포구 어울마당로 76-1,37.551847875,126.921654568
경기 평택시,(하)평택휴게소1호점,영업중,경기도 평택시 청북읍 평택제천고속도로 6 (평택복합휴게시설) .,24시간 주차,031-683-4800,경기도 평택시 청북읍 평택제천고속도로 6,37.044736586,126.944498100
광주 북구,광주북구청점,영업중,광주광역시 북구 서방로 2 (중흥동) .,주차,062-511-8002,광주광역시 북구 서방로 2,35.173448220,126.913254475
부산 해운대구,부산센텀시티점,영업중,"부산광역시 해운대구 센텀2로 24 (우동, 센텀다이아몬드) 1층",,051-755-9100,부산광역시 해운대구 센텀2로 24,35.166668580,129.132450727
경기 하남시,하남미사역점,영업중,"경기도 하남시 미사강변동로 85 (망월동, 힐스테이트에코미사) 1~2 층 ",주차,031-8027-6979,경기도 하남시 미사강변동로 85,37.562532683,127.191881155
경남 창원시 성산구,창원귀산점,영업중,경상남도 창원시 성산구 삼귀로 189 (귀곡동) .,테라스 주차,055-266-1353,경상남도 창원시 성산구 삼귀로 189,35.169674473,128.599569974
대구 달성군,대구세천점,영업중,대구광역시 달성군 다사읍 세천로 141 세천리 1581-6,흡연시설 주차,053-581-5768,대구광역시 달성군 다사읍 세천로 141 세천리 1581-6,0,0
경기 의정부시,의정부로데오점,영업중,경기도 의정부시 행복로 28 (의정부동) 지상 1층~ 4층,흡연시설,031-848-1674,경기도 의정부시 행복로 28,37.740987653,127.049633459
강원 속초시,속초엑스포점,영업중,강원도 속초시 청초호반로 75 (조양동) 1~3층,테라스 주차,033-638-2123,강원도 속초시 청초호반로 75,38.189891237,128.586355415
경기 수원시 영통구,광교호수점,영업중,"경기도 수원시 영통구 광교중앙로 180 (하동, 광교효성해링턴타워레이크) 광교효성해링턴타워레이크 B017호~B111호	",주차,031-217-8797,경기도 수원시 영통구 광교중앙로 180,37.288731378,127.061194584
경기 안양시 동안구,범계로데오점,영업중,"경기도 안양시 동안구 평촌대로223번길 11 (호계동, 성우프라자) 202호, 203호",주차,031-8033-7562,경기도 안양시 동안구 평촌대로223번길 11,37.391007475,126.954993127
경기 안산시 단원구,안산중앙역점,영업중,"경기도 안산시 단원구 광덕4로 234 (고잔동, 천혜로데오프라자) 107,108호",테라스 주차,031-484-2002,경기도 안산시 단원구 광덕4로 234,37.314418451,126.838690520
경기 오산시,오산시청점,영업중,"경기도 오산시 성호대로 124 (원동, 신협빌딩) 101,102호",흡연시설,031-378-8778,경기도 오산시 성호대로 124,37.148427284,127.075210337
서울 서초구,양재역1호점,영업중,"서울특별시 서초구 강남대로 210 (양재동, 행복빌딩) 1층,2층",주차,02-578-6630,서울특별시 서초구 강남대로 210,37.483032610,127.036153671
충북 청주시 흥덕구,청주봉명점,영업중,충청북도 청주시 흥덕구 덕암로114번길 49 (봉명동) .,주차,043-260-6669,충청북도 청주시 흥덕구 덕암로114번길 49,36.649767101,127.460032757
충남 공주시,(하)정안알밤휴게소점,영업중,충청남도 공주시 정안면 논산천안고속도로 57 (정안하행휴게소) 할리스커피,주차,.,충청남도 공주시 정안면 논산천안고속도로 57,36.570801166,127.112005321
충북 청주시 흥덕구,청주NC백화점CGV점,영업중,충북 청주시 흥덕구 2순환로 1233  청주NC백화점 8층,주차,070-4153-5598,충북 청주시 흥덕구 2순환로 1233  청주NC백화점 8층,36.635576185,127.420163173
서울 노원구,수락산역점,영업중,"서울특별시 노원구 동일로239가길 22 (상계동, 한올빌딩) 2층",테라스,02-951-3266,서울특별시 노원구 동일로239가길 22,37.676177615,127.054842142
서울 중랑구,망우점,영업중,서울특별시 중랑구 망우로 470 (망우동) 1층,테라스 주차,070-7707-0042,서울특별시 중랑구 망우로 470,37.600093612,127.104330873
서울 구로구,구로거리공원점,영업중,서울특별시 구로구 구로중앙로28길 52  구로동 109-1,주차,02-838-7008,서울특별시 구로구 구로중앙로28길 52  구로동 109-1,37.499731432,126.888527485
강원 양양군,낙산해수욕장점,영업중,강원도 양양군 강현면 해맞이길 18 .,주차,033-673-0053,강원도 양양군 강현면 해맞이길 18,38.119790074,128.631191507
경기 안산시 상록구,안산한대앞점,영업중,"경기도 안산시 상록구 중보로 31 (이동, 썬프라자) .",테라스 흡연시설 주차,031-419-2131,경기도 안산시 상록구 중보로 31,37.306530654,126.850472072
전북 익산시,익산부송점,영업중,"전라북도 익산시 하나로10길 70-1 (부송동, 레스트빌딩) 1층",주차,063-832-1717,전라북도 익산시 하나로10길 70-1,35.961406371,126.989041139
경기 양주시,양주삼숭DI점,영업중,"경기도 양주시 부흥로 2239 1,2층 .",주차,031-848-5375,경기도 양주시 부흥로 2239 1,37.809844707,127.102304086
서울 서초구,교대역점,영업중,"서울특별시 서초구 반포대로30길 81 (서초동, 웅진타워) 1층 .",주차,02-521-8944,서울특별시 서초구 반포대로30길 81,37.492869270,127.012977561
서울 구로구,오류동역점,영업중,"서울시 구로구 경인로 224 오류동59-20번지 외2필지, 1층",주차,02-6405-3800,서울시 구로구 경인로 224 오류동59-20번지 외2필지,37.496466294,126.845769089
경기 파주시,파주운정역점,영업중,경기도 파주시 경의로1240번길 37-1  101~3호 201~2호,주차,031-957-6200,경기도 파주시 경의로1240번길 37-1  101~3호 201~2호,37.728729576,126.763664613
경기 화성시,제부도점,영업중,"경기도 화성시 서신면 해안길 434 1,2층",테라스 주차,031-357-6399,경기도 화성시 서신면 해안길 434 1,37.176239148,126.623354829
경기 남양주시,다산센트럴점,영업중,"경기도 남양주시 다산중앙로 105-14 (다산동) 웅신미켈란오피스텔 104,105,106호",주차,070-8670-1240,경기도 남양주시 다산중앙로 105-14,37.622556895,127.152415734
강원 인제군,인제점,영업중,강원도 인제군 인제읍 인제로 198 .,,033-461-7767,강원도 인제군 인제읍 인제로 198,38.068987297,128.172440962
대전 동구,가오CGV점,영업중,"대전광역시 동구 은어송로 72 4층(가오동, 패션아일랜드) .",주차,042-273-7400,대전광역시 동구 은어송로 72 4층,36.307021201,127.457950170
충북 청주시 서원구,청주분평점,영업중,"충청북도 청주시 서원구 월평로 4 분평동 1226, 대상탑존빌딩 111호",주차,043-292-5105,충청북도 청주시 서원구 월평로 4 분평동 1226,36.610986726,127.485304673
충남 당진시,당진시청점,영업중,충청남도 당진시 시청2로 49-25 (수청동) 로고스타워 1~2층,흡연시설 주차,070-8808-1040,충청남도 당진시 시청2로 49-25,36.887718222,126.646672246
전북 익산시,익산영등점,영업중,전라북도 익산시 고봉로32길 46-1 (영등동) 1~2층,,063-918-2211,전라북도 익산시 고봉로32길 46-1,35.959592217,126.976239773
경기 수원시 권선구,수원SKV1모터스점,영업중,경기도 수원시 권선구 평동로79번길 45 (평동) 1층 135호,주차,031-293-8810,경기도 수원시 권선구 평동로79번길 45,37.259660727,126.992671395
서울 구로구,구로디지털단지역점,영업중,"서울특별시 구로구 디지털로32나길 38 (구로동, 서림빌딩) 1층",테라스 주차,02-851-3365,서울특별시 구로구 디지털로32나길 38,37.484618550,126.901217212
서울 마포구,공덕경의선숲길점,영업중,"서울특별시 마포구 백범로28길 22, 일양빌딩 신관 1층 (염리동 164-1)",주차,02-701-3967,서울특별시 마포구 백범로28길 22,37.544603689,126.946646125
충북 옥천군,(하)옥천휴게소점,영업중,충북 옥천군 옥천읍 매화리 248-1 .,주차,043-731-8521,충북 옥천군 옥천읍 매화리 248-1,0,0
울산 남구,울산신정점,영업중,"울산광역시 남구 동산로 93  신정동 1265-16, 1층",,052-260-0900,울산광역시 남구 동산로 93  신정동 1265-16,35.536565440,129.305702010
경기 안양시 동안구,평촌점,영업중,"경기도 안양시 동안구 관평로170번길 43, 훼미리타운 125호 .",테라스 흡연시설 주차,031-385-3400,경기도 안양시 동안구 관평로170번길 43,37.393318503,126.963171094
경남 창원시 진해구,진해속천점,영업중,경상남도 창원시 진해구 태평로 132 (속천동) 2~3층 할리스커피,테라스 주차,055-547-9777,경상남도 창원시 진해구 태평로 132,35.141685759,128.670736561
충북 청주시 청원구,청주율량현대점,영업중,충청북도 청주시 청원구 율봉로 150 .,주차,043-241-0005,충청북도 청주시 청원구 율봉로 150,36.668122262,127.485799825
대구 달서구,대구상인점,영업중,대구광역시 달서구 상화북로 194 (상인동) 2층,주차,053-641-9522,대구광역시 달서구 상화북로 194,35.813252409,128.546804906
경기 하남시,하남미사강변점,영업중,"경기도 하남시 미사강변대로226번안길 17 (망월동, 뉴욕프라자) 1층 1층",주차,031-796-1486,경기도 하남시 미사강변대로226번안길 17,37.569239409,127.185330766
경북 칠곡군,칠곡왜관점,영업중,"경북 칠곡군 석적읍 석적로 180 외1필지, 1,2층",테라스,054-977-8255,경북 칠곡군 석적읍 석적로 180 외1필지,36.015277285,128.402081176
서울 마포구,홍대역2번출구점,영업중,서울특별시 마포구 동교로 200 1~3층 .,24시간 주차,02-332-8079,서울특별시 마포구 동교로 200 1~3층,37.557752880,126.923126575
서울 송파구,가락시장역점,영업중,"서울특별시 송파구 중대로 130 가락동112-2, 원전빌딩 1층	",,02-3401-5337,서울특별시 송파구 중대로 130 가락동112-2,37.494244991,127.122604641
경기 화성시,화성능동DT점,영업중,"경기 화성시 동탄지성로 215 1,2층 전체호(병점동)",DT 매장 주차,031-221-7286,경기 화성시 동탄지성로 215 1,37.213103950,127.052723876
인천 남동구,인천시청점,영업중,인천광역시 남동구 남동대로799번길 36 (구월동) .,테라스,032-433-0704,인천광역시 남동구 남동대로799번길 36,37.454388515,126.705803167
경남 밀양시,밀양킹콩점,영업중,"경상남도 밀양시 삼문강변로 272 (삼문동) 2,3층",테라스 주차,055-351-0056,경상남도 밀양시 삼문강변로 272,35.486831798,128.747088649
대구 북구,경북대북문점,영업중,대구광역시 북구 대학로 17길 3 (산격동 1393-11) 할리스 B1~3층,,053-951-9990,대구광역시 북구 대학로 17길 3,35.892427132,128.608665314
서울 강남구,코엑스점,영업중,"서울특별시 강남구 영동대로 513, 코엑스 지하 1층  C113호 (삼성동 159)  할리스  ",테라스 주차,02-6002-3100,서울특별시 강남구 영동대로 513,37.512018310,127.059037019
경기 이천시,이천마장점,영업중,경기도 이천시 마장면 오천로 65 오천리 56-55,주차,070-4647-0081,경기도 이천시 마장면 오천로 65 오천리 56-55,0,0
울산 중구,울산성남점,영업중,"울산광역시 중구 만남의거리 33, 1F 성남동 256-16",,052-211-4741,울산광역시 중구 만남의거리 33,35.553383556,129.320864624
경기 양평군,양평점,영업중,경기도 양평군 양평읍 중앙로 90 1층,주차,031-775-1157,경기도 양평군 양평읍 중앙로 90 1층,37.494212343,127.498604729
경기 김포시,김포시청점,영업중,경기도 김포시 김포대로 847 1~2층,테라스 주차,031-996-1388,경기도 김포시 김포대로 847 1~2층,37.619704831,126.719673300
경기 안산시 단원구,안산선부점,영업중,경기도 안산시 단원구 선부광장1로 56 (선부동) 할리스커피,테라스 흡연시설 주차,031-411-9733	,경기도 안산시 단원구 선부광장1로 56,37.336596404,126.810722631
충남 공주시,(천)이인휴게소점,영업중,충청남도 공주시 이인면 논산천안고속도로 32 (이인상행휴게소) .,주차,041-856-8351,충청남도 공주시 이인면 논산천안고속도로 32,36.352666420,127.069715377
경기 고양시 덕양구,화정역점,영업중,"경기도 고양시 덕양구 화신로272번길 67  화정동 970-3, 장군빌딩",주차,070-7514-8707,경기도 고양시 덕양구 화신로272번길 67  화정동 970-3,37.633826394,126.831565084
전북 군산시,군산새만금산단점,영업중,전라북도 군산시 새만금북로 424 (오식도동) 1층 104호,주차,063-468-4100,전라북도 군산시 새만금북로 424,35.946855644,126.582707016
경기 남양주시,다산한강점,영업중,경기도 남양주시 다산지금로 163번길 9-12 .,주차,031-592-3118,경기도 남양주시 다산지금로 163번길 9-12,37.596076002,127.174841847
서울 마포구,상암DDMC점,영업중,"서울시 마포구 매봉산로 75, DDMC 1층 104호 상암동 1610 (일요일 휴점)",,070-4445-2428,서울시 마포구 매봉산로 75,37.578178003,126.892863253
경기 고양시 덕양구,덕양구청점,영업중,"경기도 고양시 덕양구 화중로104번길 8 (화정동, 장원프라자) 1층 102호",테라스 주차,070-4647-0030,경기도 고양시 덕양구 화중로104번길 8,37.636099807,126.831740441
충남 서천군,(하)서천휴게소점,영업중,충청남도 서천군 비인면 서해안고속도로 169 .,주차,041-952-5757,충청남도 서천군 비인면 서해안고속도로 169,36.129537506,126.626455046
전북 전주시 덕진구,전주에코시티세병호점,영업중,전라북도 전주시 덕진구 세병로 176 (송천동2가) 1층~2층,,063-255-3000,전라북도 전주시 덕진구 세병로 176,35.878867389,127.133143002
경기 남양주시,다산리코빌파크뷰점,영업중,경기도 남양주시 다산순환로 220 (다산동) 104 ~107호,주차,031-523-3948,경기도 남양주시 다산순환로 220,37.629319007,127.147812337
서울 서대문구,서대문농협생명빌딩점,영업중,"서울시 서대문구 통일로 87  미근동 257, NH농협생명빌딩 (주말 휴점)",주차,02-364-7787,서울시 서대문구 통일로 87  미근동 257,37.562772575,126.968515900
충북 청주시 청원구,(하)오창휴게소점,영업중,충청북도 청주시 청원구 오창읍 중부고속도로 21 (오창휴게소통영기점) .,주차,043-217-1477,충청북도 청주시 청원구 오창읍 중부고속도로 21,36.758503334,127.481773974
충북 청주시 흥덕구,(하)옥산휴게소점,영업중,충청북도 청주시 흥덕구 옥산면 경부고속도로 309 (옥산휴게소부산방향) 옥산휴게소(하행) 할리스커피,주차,043-260-1053,충청북도 청주시 흥덕구 옥산면 경부고속도로 309,36.657624720,127.369839577
서울 금천구,가산점,영업중,"서울특별시 금천구 가산디지털2로 165 (가산동, 백상스타타워2차) . ",주차,02-862-7940,서울특별시 금천구 가산디지털2로 165,37.482433636,126.877463383
경기 김포시,김포지식산업센터점,영업중,"경기도 김포시 태장로 795번길 145, 아셈호텔 1층 1층",주차,070-4953-9475,경기도 김포시 태장로 795번길 145,37.638684859,126.683547933
경기 군포시,군포IT밸리점,영업중,"경기도 군포시 고산로148번길 17 (당정동, 군포IT밸리) 1층 (주말 휴점)",주차,031-8086-8211,경기도 군포시 고산로148번길 17,37.349660176,126.953384820
경남 진주시,진주혁신도시점,영업중,경상남도 진주시 에나로128번길 24 (충무공동) .,주차,070-7543-2274,경상남도 진주시 에나로128번길 24,35.175794475,128.144054989
전남 광양시,광양중동점,영업중,전라남도 광양시 공영로 92-1 (중동) .,주차,061-795-6600,전라남도 광양시 공영로 92-1,34.935654949,127.699252914
대구 달서구,대구이월드점,영업중,대구광역시 달서구 두류공원로 200 (두류동) . ,주차,053-620-0001,대구광역시 달서구 두류공원로 200,35.852642968,128.563934715
대전 유성구,대전문지점,영업중,대전광역시 유성구 문지로299번길 94-19 (문지동) 1층,주차,042-861-6947,대전광역시 유성구 문지로299번길 94-19,36.394052678,127.406355832
대구 수성구,대구범어천로점,영업중,"대구광역시 수성구 범어천로 200 (범어동, 범어월드메르디앙웨스턴카운티) 102호,201호",테라스 흡연시설 주차,053-759-5779,대구광역시 수성구 범어천로 200,35.863849063,128.619828871
서울 강서구,마곡나인스퀘어점,영업중,"서울특별시 강서구 공항대로 206 (마곡동, 나인스퀘어) 마곡동 800, 101,102,103호",주차,02-2664-7876,서울특별시 강서구 공항대로 206,37.558864549,126.830249135
전북 전주시 덕진구,전주아중점,영업중,"전라북도 전주시 덕진구 아중로 193 (우아동2가) 1,2층 ",주차,063-246-2203,전라북도 전주시 덕진구 아중로 193,35.827801005,127.170365201
충북 청주시 상당구,청주명암레이크점,영업중,충북 청주시 상당구 용담동 449  .,주차,0507-1384-9696,충북 청주시 상당구 용담동 449,0,0
인천 중구,인천공항T1점,영업중,"인천광역시 중구 공항로 272 (운서동, 인천공항) 인천국제공항 제1여객터미널 L/S 1층",주차,032-743-3716,인천광역시 중구 공항로 272,37.478887958,126.452742208
서울 강북구,수유사거리점,영업중,서울특별시 강북구 도봉로82길 11 (번동) 2~4층 ,,070-5226-1999,서울특별시 강북구 도봉로82길 11,37.635894270,127.024388648
서울 중구,명동퍼시픽호텔점,영업중,"서울특별시 중구 퇴계로20길 2 (남산동2가, 퍼시픽호텔) 1층 ",흡연시설 주차,02-3789-8747,서울특별시 중구 퇴계로20길 2,37.559665551,126.985421476
충남 천안시 서북구,천안펜타포트점,영업중,"충청남도 천안시 서북구 공원로 196 (불당동, 펜타포트) 5층",,070-8820-3117,충청남도 천안시 서북구 공원로 196,36.798639889,127.101418567
서울 송파구,아시아선수촌점,영업중,서울특별시 송파구 백제고분로 109 (잠실동) 1층~4층,24시간 흡연시설 주차,02-412-3260,서울특별시 송파구 백제고분로 109,37.507041759,127.079767859
서울 동작구,보라매병원점,영업중,서울시 동작구 보라매로5길 20 서울특별시보라매병원 희망관 1층,주차,02-831-3085,서울시 동작구 보라매로5길 20 서울특별시보라매병원 희망관 1층,37.493568449,126.924053131
광주 광산구,광주수완2호점,영업중,"광주광역시 광산구 수완로 73번길 7, 1층 (수완동)  1층",주차,062-959-3327,광주광역시 광산구 수완로 73번길 7,35.191972901,126.828216403
경기 수원시 영통구,수원망포점,영업중,"경기도 수원시 영통구 덕영대로1556번길 16 디지털엠파이어빌딩 125,126,127,212호 (영통동)",주차,031-204-0065,경기도 수원시 영통구 덕영대로1556번길 16 디지털엠파이어빌딩 125,37.245273422,127.059180106
세종 세종시,세종어반아트리움점,영업중,"세종특별자치시 나성로 96 (나성동, 더센트럴) 101,102호",,070-8800-3998,세종특별자치시 나성로 96,36.487800402,127.261023340
서울 서대문구,무악재역점,영업중,"서울특별시 서대문구 통일로 360 (홍제동, 보하빌딩) .",,02-6406-0046,서울특별시 서대문구 통일로 360,37.582589359,126.950523800
대전 대덕구,대전한남대점,영업중,대전 대덕구 한남로 65 .,,070-4109-5800,대전 대덕구 한남로 65,36.351416713,127.420742354
경기 이천시,(하)마장휴게소점,영업중,경기도 이천시 마장면중부고속도로82 마장휴게소 하행 통영방향,,없음,경기도 이천시 마장면중부고속도로82 마장휴게소 하행 통영방향,0,0
경기 오산시,오산수청점,영업중,"경기도 오산시 내삼미로79번길 46 (수청동) 101~104호 (수청동, 어반스페이스타워)",,031-377-5823,경기도 오산시 내삼미로79번길 46,37.170236747,127.065277377
경기 부천시 원미구,부천송내본점,영업중,"경기도 부천시 송내대로73번길 21 (상동, 정원빌딩) 1층",테라스 흡연시설,032-321-2007,경기도 부천시 송내대로73번길 21,37.490211627,126.752906822
서울 마포구,공덕점,영업중,"서울특별시 마포구  마포대로 143 (공덕동, 마포공덕파크팰리스 Ⅱ) 1층 (114~121호)",주차,02-701-5785,서울특별시 마포구  마포대로 143,37.547453112,126.953100863
충남 예산군,(상)예산휴게소점,영업중,충청남도 예산군 신양면 당진영덕고속도로 33 (예산휴게소 상행) 당진 방향,,없음,충청남도 예산군 신양면 당진영덕고속도로 33,36.619635883,126.846576185
서울 중구,약수역점,영업중,"서울특별시 중구 다산로 114 (신당동,1~2층)",테라스 주차,02-2233-0866,서울특별시 중구 다산로 114,37.553966485,127.010425590
대구 달서구,대구성서점,영업중,"대구광역시 달서구 성서로 419, 국민연금대구사옥 1층 (이곡동 1198-5) 할리스",주차,053-584-5702,대구광역시 달서구 성서로 419,35.855085732,128.506662147
부산 사하구,부산아트몰링영풍문고점,영업중,"부산광역시 사하구 낙동남로 1413 (하단동, 아트몰링) 13층",주차,051-201-0621,부산광역시 사하구 낙동남로 1413,0,0
경기 화성시,동탄점,영업중,"경기도 화성시 동탄중심상가1길 5 (반송동, 동탄프라자) 1,2층",주차,031-8003-9039,경기도 화성시 동탄중심상가1길 5,37.200506050,127.071757017
울산 남구,울산야음점,영업중,"울산 남구 수암로 138, 타임스퀘어 상가 야음동 789-14, 101호",,052-276-3535,울산 남구 수암로 138,35.526969688,129.321906512
서울 마포구,홍대역점,영업중,서울특별시 마포구 어울마당로 111 (동교동) 2층,테라스 흡연시설,02-323-7791,서울특별시 마포구 어울마당로 111,37.554844130,126.922753981
경기 양주시,양주테크노점,영업중,경기도 양주시 광적면 부흥로 847 (양주테크노시티) .,테라스 주차,031-830-1700,경기도 양주시 광적면 부흥로 847,37.816625422,126.988038610
서울 성북구,고대안암병원점,영업중,"서울특별시 성북구 고려대로 73 (안암동5가, 고려대병원) 고대안암병원 본관 3층 ",주차,02-921-3062,서울특별시 성북구 고려대로 73,37.586855236,127.028135554
서울 서대문구,신촌연세로점,영업중,"서울특별시 서대문구 연세로 5, 1층 (창천동 30-7) 할리스",,02-322-3684,서울특별시 서대문구 연세로 5,37.556151828,126.936587939
경기 용인시 처인구,용인명지대점,영업중,경기도 용인시 처인구 명지로116번길 24-2 (남동) 1~2층,,070-4042-3118,경기도 용인시 처인구 명지로116번길 24-2,37.224919277,127.186622865
서울 용산구,용산아이파크몰 영풍문고점,영업중,"서울특별시 용산구 한강대로23길 55 (한강로3가, 용산역) 용산역 리빙관 3층(한강로 3가)",주차,070-8835-5073,서울특별시 용산구 한강대로23길 55,37.529839228,126.964860965
경기 고양시 일산동구,BMC점,영업중,경기도 고양시 일산동구 동국로 32 (식사동) 산학협력관 1층,,031-961-5692,경기도 고양시 일산동구 동국로 32,37.677286252,126.807624801
전북 전주시 덕진구,국민연금공단점,영업중,전북 전주시 덕진구  기지로 170 국민연금공단 국민누리관 1층,,063-221-5072,전북 전주시 덕진구  기지로 170 국민연금공단 국민누리관 1층,35.837280136,127.069815755
부산 금정구,부산금강식물원점,영업중,"부산광역시 금정구 금샘로 22 (장전동) 1,2층 금정구 장전동 521-68외1필지 1,2층",테라스,051-517-1110,부산광역시 금정구 금샘로 22,35.227940680,129.077985044
서울 영등포구,선유도역점TS카페,영업중,"서울특별시 영등포구 양평로 96 (양평동4가) TS빌딩 1,2층",주차,02-6267-6800,서울특별시 영등포구 양평로 96,37.536695001,126.896768613
서울 구로구,구로역점,영업중,서울특별시 구로구 새말로 18-29 (구로동) .,,02-862-3216,서울특별시 구로구 새말로 18-29,37.501803617,126.883209947
경기 포천시,포천송우점,영업중,"경기도 포천시 소흘읍 호국로 513 이동교리 149-22, 1층",주차,031-541-5130,경기도 포천시 소흘읍 호국로 513 이동교리 149-22,0,0
서울 종로구,할리스커피(본사),영업중,"서울특별시 종로구 율곡로 88 (운니동, 삼환빌딩) 8층",,0221887100,서울특별시 종로구 율곡로 88,37.576807934,126.988923921
서울 마포구,공덕역북카페점,영업중,"서울특별시 마포구 마포대로 100 (공덕동, 공덕역) 북카페 지하1층",,없음,서울특별시 마포구 마포대로 100,37.544789568,126.951556522
전북 부안군,부안격포채석강점,영업중,전라북도 부안군 변산면 채석강길 22-10 .,테라스 주차,063-584-0011,전라북도 부안군 변산면 채석강길 22-10,35.628778932,126.471065654
대구 북구,대구관음점,영업중,"대구광역시 북구 구암로 59 비전스퀘어 1,2층 .",24시간 주차,053-324-6122,대구광역시 북구 구암로 59 비전스퀘어 1,35.933479053,128.547368509
대전 서구,대전가장점,영업중,"대전광역시 서구 도솔로 314  1층, 2층(괴정동, SL 빌딩)",주차,042-365-0365,대전광역시 서구 도솔로 314  1층,36.336186392,127.382619299
대전 유성구,대전신성점,영업중,대전광역시 유성구 유성대로1184번길 18 (신성동) .,흡연시설 주차,042-862-3335,대전광역시 유성구 유성대로1184번길 18,36.393357904,127.352555001
인천 중구,영종운서점,영업중,"인천광역시 중구 영종대로 190 (운서동, 더예스스카이) .",,032-746-1210,인천광역시 중구 영종대로 190,37.492046929,126.499223450
서울 성동구,왕십리역점,영업중,"서울특별시 성동구 왕십리광장로 17 (행당동, 왕십리민자역사) 비트플렉스몰 3층 영풍문고 내",,02-2200-1303,서울특별시 성동구 왕십리광장로 17,37.561467686,127.038344508
충남 천안시 서북구,천안쌍용점,영업중,충청남도 천안시 서북구 미라13길 16 (쌍용동) 성건오피스텔 1층,주차,041-563-4700,충청남도 천안시 서북구 미라13길 16,36.805170403,127.130396629
서울 강동구,천호로데오점,영업중,"서울특별시 강동구 올림픽로70길 61 (천호동, 두산위브센티움) 1층",24시간,02-6425-5147,서울특별시 강동구 올림픽로70길 61,37.539319487,127.126989727
서울 영등포구,전경련회관점,영업중,"서울특별시 영등포구 여의대로 24 (여의도동, 전국경제인연합회회관) 지하 1층 B109~111호 ",주차,02-786-3485,서울특별시 영등포구 여의대로 24,37.521693217,126.920045279
부산 중구,부산중앙역점,영업중,부산광역시 중구 대청로 148 (중앙동2가) .,,051-253-8883,부산광역시 중구 대청로 148,35.102761041,129.036066874
경남 양산시,양산부산대병원치과동점,영업중,"경상남도 양산시 물금읍 금오로 20, 양산부산대학교병원 치과병동 1층(범어리 2762-1) 할리스",,070-4442-0608,경상남도 양산시 물금읍 금오로 20,35.328291391,129.005067778
경남 양산시,양산부산대병원본점,영업중,"경상남도 양산시 물금읍 금오로 20, 양산부산대학교병원 중앙진료동 1층(범어리 2762-1) 할리스",,055-362-4582,경상남도 양산시 물금읍 금오로 20,35.328291391,129.005067778
경기 하남시,하남덕풍점,영업중,경기도 하남시 덕풍북로 2 (덕풍동) 1층,,031-792-9389,경기도 하남시 덕풍북로 2,37.546498026,127.198424921
부산 사상구,부산백양대로점,영업중,"부산광역시 사상구 백양대로 621, 2~4층(괘법동 141) 할리스",주차,051-311-5399,부산광역시 사상구 백양대로 621,35.162934769,128.990466971
인천 남동구,간석오거리점,영업중,인천광역시 남동구 남동대로 931 (간석동) .,,032-425-0915,인천광역시 남동구 남동대로 931,37.465505327,126.707502540
서울 성동구,한양대병원점,영업중,"서울특별시 성동구 왕십리로 222-1, 한양대학교병원 본관 1층 (사근동 110, 한양대학부속병원) 할리스",주차,02-2281-2116,서울특별시 성동구 왕십리로 222-1,37.559632815,127.043742911
서울 서초구,서초마제스타시티점,영업중,"서울특별시 서초구 서초대로38길 12 (서초동, 마제스타시티,힐스테이트서리풀) 1층",주차,02-6411-0063,서울특별시 서초구 서초대로38길 12,37.490469547,127.005356587
강원 강릉시,(인)강릉휴게소점,영업중,강원도 강릉시 성산면 보광리 103 .,주차,.,강원도 강릉시 성산면 보광리 103,0,0
경기 시흥시,월곶점,영업중,경기도 시흥시 월곶중앙로 63 (월곶동) .,주차,031-404-7966,경기도 시흥시 월곶중앙로 63,37.388760344,126.738056995
대전 서구,대전만년점,영업중,"대전광역시 서구 둔산대로117번길 95 (만년동, 리더스타운) .",,042-485-9777,대전광역시 서구 둔산대로117번길 95,36.369319861,127.381750832
경북 구미시,(하)선산휴게소점,영업중,경상북도 구미시 옥성면 중부내륙고속도로 129 .,주차,.,경상북도 구미시 옥성면 중부내륙고속도로 129,36.274584268,128.250425496
경기 화성시,화성융건릉점,영업중,"경기도 화성시 효행로 501-3 1,2층",주차,031-224-6999,경기도 화성시 효행로 501-3 1,37.207521969,126.988431051
경기 양주시,양주옥정점,영업중,경기도 양주시 옥정로 218 (옥정동) .,테라스 주차,070-7576-2918,경기도 양주시 옥정로 218,37.821033101,127.092146747
대전 서구,대전탄방점,영업중,"대전광역시 서구 계룡로571번길 23-19 (탄방동) 1층 102호,103호,104호",주차,042-482-8425,대전광역시 서구 계룡로571번길 23-19,36.343443148,127.386244298
전북 전주시 완산구,서전주DT점,영업중,전라북도 전주시 완산구 유연로 5 (효자동3가 1045-50) ,DT 매장 주차,063-901-0802,전라북도 전주시 완산구 유연로 5,35.822453946,127.085818711
경기 김포시,김포한강생태공원점,영업중,경기도 김포시 김포한강11로 452 (운양동) 1~2층,흡연시설 주차,031-996-2000,경기도 김포시 김포한강11로 452,37.653707149,126.698262526
인천 중구,영종덕교점,영업중,"인천광역시 중구 잠진도길 55 (덕교동) 1,2,3층",테라스,032-751-3264,인천광역시 중구 잠진도길 55,37.421866906,126.420409545
부산 동래구,부산명륜역점,영업중,부산광역시 동래구 온천장로 5 (온천동) 1층,,051-557-7811,부산광역시 동래구 온천장로 5,35.212756545,129.078708316
경남 진주시,진주평거점,영업중,"경상남도 진주시 진양호로 46 (평거동) 1층,2층 (에스원빌딩)",테라스 주차,055-745-9633,경상남도 진주시 진양호로 46,35.167018907,128.044874574
경기 수원시 영통구,아주대병원점,영업중,"경기도 수원시 영통구 월드컵로 164 (원천동, 아주대학병원) 아주대학교병원 본관 1층",주차,031-211-5718,경기도 수원시 영통구 월드컵로 164,37.278951436,127.047467391
강원 홍천군,(상)홍천휴게소점,영업중,강원 홍천군 화촌면 서울양양고속도로 83 .,주차,033-436-9000,강원 홍천군 화촌면 서울양양고속도로 83,37.758983591,128.006513814
대구 수성구,대구수성못점,영업중,대구광역시 수성구 용학로 115 (두산동) .,테라스 주차,053-761-5655,대구광역시 수성구 용학로 115,35.825102587,128.622576371
울산 남구,울산시청점,영업중,울산광역시 남구 삼산로 60 (신정동) 1층,테라스 24시간 주차,070-7733-7108,울산광역시 남구 삼산로 60,35.533693973,129.314169425
충남 천안시 동남구,천안신부점,영업중,"충청남도 천안시 동남구 만남로 26 (신부동, 대영빌딩) 4,5층",흡연시설,041-566-5085,충청남도 천안시 동남구 만남로 26,36.818494090,127.155011450
대구 동구,동대구역사점,영업중,대구광역시 동구 동대구로 550 (동대구역 내 1층),,053-942-1033,대구광역시 동구 동대구로 550,35.879494199,128.628741351
서울 종로구,종로5가점,영업중,서울 종로구 동호로 401(종로5가) .,,02-2266-1989,서울 종로구 동호로 401,37.570196908,127.001666553
부산 북구,부산덕천점,영업중,"부산광역시 북구 덕천1길 21, 1~2층 (덕천동 400-14) 할리스",24시간 흡연시설,051-342-8835,부산광역시 북구 덕천1길 21,35.209934065,129.006764065
인천 부평구,부평로데오점,영업중,"인천광역시 부평구 시장로 17-1 (부평동, 인일 빌딩) 1,2,3층",24시간 흡연시설 주차,032-505-7130,인천광역시 부평구 시장로 17-1,37.492804497,126.724686261
충북 청주시 흥덕구,충북오송점,영업중,충청북도 청주시 흥덕구 오송읍 만수1길 3 .,,043-239-0075,충청북도 청주시 흥덕구 오송읍 만수1길 3,36.623051584,127.327203815
서울 영등포구,여의도파이낸스타워점,영업중,"서울특별시 영등포구 국제금융로2길 32, 여의도파이낸스타워 1층(여의도동 23-8)",주차,02-761-3154,서울특별시 영등포구 국제금융로2길 32,37.523880213,126.924126382
부산 서구,부산대학교병원2호점,영업중,부산광역시 서구 구덕로 179 C동 암센터 ..,,051-231-9475,부산광역시 서구 구덕로 179 C동 암센터,35.100120395,129.017896431
부산 서구,부산대학교병원1호점,영업중,"부산광역시 서구 구덕로 179 (아미동1가, 부산대학병원) 1층",,051-231-9648,부산광역시 서구 구덕로 179,35.100827268,129.018905006
경기 김포시,김포농협본점,영업중,경기도 김포시 홍도평로 20 (걸포동) 김포농협하나로마트본점 2층 (일요일 휴점),주차,031-986-7932,경기도 김포시 홍도평로 20,37.631594305,126.713051202
경기 남양주시,다산지금점,영업중,경기도 남양주시 다산중앙로82번안길 143-15 101호,주차,070-7778-2409,경기도 남양주시 다산중앙로82번안길 143-15 101호,37.612809417,127.166762305
서울 종로구,서울대병원점,영업중,"서울특별시 종로구 대학로 101 (연건동, 서울대학교의과대학)",주차,02-741-5815,서울특별시 종로구 대학로 101,37.577839104,126.998028636
서울 강서구,가양점,영업중,"서울특별시 강서구 양천로 583 (염창동, 우림블루나인비즈니스센터) 1층 (토요일 휴점)",주차,02-2093-2977,서울특별시 강서구 양천로 583,37.557113328,126.864200027
서울 영등포구,구로디지털뉴스테이점,영업중,서울시 영등포구 시흥대로 595 105호,주차,070-7547-4100,서울시 영등포구 시흥대로 595 105호,37.486099974,126.903468291
경북 경주시,경주보불로점,영업중,경북 경주시 보불로 305 .,주차,054-744-7700,경북 경주시 보불로 305,35.810038635,129.306442581
울산 북구,울산명촌점,영업중,울산광역시 북구 명촌로 59 .,흡연시설,052-289-9905,울산광역시 북구 명촌로 59,35.554990649,129.357180801
충남 홍성군,충남도청점,영업중,충청남도 홍성군 홍북읍 신경리 553 .,주차,041-631-4725 ,충청남도 홍성군 홍북읍 신경리 553,0,0
전북 김제시,전북김제점,영업중,전북 김제시 검산택지 5길 21-10 1층,,063-547-9600,전북 김제시 검산택지 5길 21-10 1층,35.801687234,126.903926429
대구 북구,대구침산네거리점,영업중,대구광역시 북구 침산남로 157 (침산동) .,,053-353-5544,대구광역시 북구 침산남로 157,35.888155883,128.592988634
부산 동래구,부산명륜자이점,영업중,"부산광역시 동래구 동래로 77 (명륜동) 1,2층",테라스,051-554-1001,부산광역시 동래구 동래로 77,35.208606432,129.081485404
대전 동구,대전역점,영업중,"대전광역시 동구 중앙로 215 (정동, 대전역) 3층",주차,없음,대전광역시 동구 중앙로 215,36.329826539,127.434560304
서울 종로구,센터포인트점,영업중,"서울특별시 종로구 새문안로5길 31, 센터포인트광화문빌딩 1층 (도렴동 65, 센터포인트 광화문) 할리스",,02-6031-6213,서울특별시 종로구 새문안로5길 31,37.572964451,126.974338865
서울 마포구,홍대입구역점,영업중,"서울특별시 마포구 양화로 151, 1층 (동교동 160-1) 할리스",,02-322-3584,서울특별시 마포구 양화로 151,37.556293082,126.922361415
경기 고양시 일산동구,마두역점,영업중,"경기도 고양시 일산동구 중앙로 1165, 1층일부 1층",흡연시설,070-8866-7558,경기도 고양시 일산동구 중앙로 1165,37.650820723,126.777937247
전북 군산시,군산미장점,영업중,전라북도 군산시 미장안길 54  .,,063-442-8777,전라북도 군산시 미장안길 54,35.968985495,126.726907089
서울 서초구,백석예술대학교점,영업중,"서울특별시 서초구 방배로9길 23 (방배동, 백석예술대학교) 3층",,02-585-9150,서울특별시 서초구 방배로9길 23,37.480202756,126.996291462
대전 중구,대전오류점,영업중,"대전광역시 중구 계룡로 876 메종드메디컬빌딩 104호, 202호 오류동 151-3",주차,042-522-3141,대전광역시 중구 계룡로 876 메종드메디컬빌딩 104호,36.323187223,127.411048590
서울 강남구,카페테리아&삼성점,영업중,"서울시 강남구 삼성로 512, 10층 인터파크 카페테리아 (삼성동) .",,2188-7100,서울시 강남구 삼성로 512,37.508107446,127.056598198
서울 강남구,역삼테헤란점,영업중,"서울특별시 강남구 테헤란로 131, 한국지식재산센터 1층 (역삼동 647-9) 할리스",테라스 흡연시설 주차,02-501-3573,서울특별시 강남구 테헤란로 131,37.500066200,127.032926912
대구 달성군,대구현풍테크노점,영업중,대구시 달성군 유가읍 테크노공원로 65 .,,053-267-3338,대구시 달성군 유가읍 테크노공원로 65,35.692041378,128.460125442
전남 장흥군,전남장흥점,영업중,전라남도 장흥군 장흥읍 북부로 18 .,,061-862-0119,전라남도 장흥군 장흥읍 북부로 18,34.683927106,126.904711289
대전 유성구,충남대점,영업중,대전광역시 유성구 대학로 84 (궁동 482-6) .,테라스,070-7543-1009,대전광역시 유성구 대학로 84,36.360851369,127.344693151
경기 화성시,화성병점점,영업중,"경기도 화성시 병점동로 105 1,2층(진안동)",주차,031-239-0455,경기도 화성시 병점동로 105 1,37.213174309,127.039518637
경기 구리시,구리수택점,영업중,경기도 구리시 검배로 73 (수택동) 할리스,주차,031-551-0988,경기도 구리시 검배로 73,37.596106475,127.146762667
서울 관악구,난곡사거리점,영업중,서울 관악구 남부순환로 1489 신림동 526-13,흡연시설 주차,02-865-0012,서울 관악구 남부순환로 1489 신림동 526-13,37.482422235,126.916180191
서울 양천구,신정네거리역점,영업중,서울시 양천구 중앙로 252 2층 .,,02-2645-9957,서울시 양천구 중앙로 252 2층,37.519070035,126.853683039
경북 구미시,구미CGV점,영업중,"경상북도 구미시 구미중앙로 44 (원평동, 멀티복합상가) 원평동 68-1, 1층",,054-604-0375,경상북도 구미시 구미중앙로 44,36.130033616,128.327671598
경기 부천시 원미구,역곡역점,영업중,경기 부천시 부일로726번길 5 (역곡동 80) 역곡역 2번출구 사거리에서 가톨릭대학교방향 좌회전 후 약 50M,흡연시설,070-8887-4965,경기 부천시 부일로726번길 5,37.485289567,126.810539268
경기 오산시,오산대역DT점,영업중,경기도 오산시 경기대로 491 (수청동) 1층~3층 할리스,DT 매장 테라스 주차,031-372-9750,경기도 오산시 경기대로 491,37.166585775,127.064206121
서울 중구,을지로입구점,영업중,서울특별시 중구 명동3길 23 (을지로2가) 1~4층 할리스 ,테라스,02-318-6381,서울특별시 중구 명동3길 23,37.564759182,126.983417811
경북 구미시,구미금오산점,영업중,경상북도 구미시 금오산로 209 (남통동) 할리스커피 구미금오산점 ,테라스 주차,054-441-4452,경상북도 구미시 금오산로 209,36.122041158,128.324031590
경기 화성시,(하)매송휴게소점,영업중,경기 화성시 매송면 서해안고속도로 315 목포방향 서해안고속도로 315 목포방향,24시간,없음,경기 화성시 매송면 서해안고속도로 315 목포방향 서해안고속도로 315 목포방향,0,0
경기 화성시,(상)매송휴게소점,영업중,경기 화성시 매송면 서해안고속도로 316 서울방향 .,24시간,없음,경기 화성시 매송면 서해안고속도로 316 서울방향,37.265318233,126.892894832
경남 창원시 의창구,창원팔용점,영업중,경상남도 창원시 의창구 창원대로18번길 6-8 (팔용동) .,테라스 흡연시설 주차,055-298-3434,경상남도 창원시 의창구 창원대로18번길 6-8,35.254318731,128.605605961
전북 전주시 완산구,전주남천교점,영업중,전라북도 전주시 완산구 전주천서로 81 (동서학동) .,,063-232-6000,전라북도 전주시 완산구 전주천서로 81,35.809884351,127.152411032
광주 북구,전남대상대점,영업중,광주광역시 북구 설죽로202번길 68  .,테라스,062-511-0389,광주광역시 북구 설죽로202번길 68,35.177015000,126.901262980
경기 용인시 수지구,수지동천갤러리점,영업중,"경기도 용인시 수지구 동천로192번길 4 (동천동) 1,2층 동천동 484-38번지",,031-2761-3600,경기도 용인시 수지구 동천로192번길 4,37.338691327,127.082878779
부산 연제구,부산연산점,영업중,부산광역시 연제구 반송로 89 (연산동) 1층,주차,051-989-3296,부산광역시 연제구 반송로 89,35.191508090,129.088268592
대구 북구,대구침산점,영업중,"대구 북구 성북로 36,2층 601,602,603,604 473-3, 침산초등학교 맞은편",,053-353-5412,대구 북구 성북로 36,35.890832281,128.587580332
대구 동구,대구안심점,영업중,대구시 동구 안심로 90길29 .,주차,053)552-2220,대구시 동구 안심로 90길29,35.869913780,128.710707938
강원 홍천군,(하)홍천휴게소점,영업중,강원 홍천군 화촌면 서울양양고속도로 84 .,,.,강원 홍천군 화촌면 서울양양고속도로 84,37.757276484,128.003193224
경기 화성시,동탄카림애비뉴점,영업중,경기도 화성시 동탄대로시범길 134 .,테라스 주차,031-372-1650,경기도 화성시 동탄대로시범길 134,37.199030670,127.113082366
경기 화성시,봉담원희캐슬점,영업중,경기도 화성시 봉담읍 동화길 51 (봉담읍) 1층,,031-5183-3817,경기도 화성시 봉담읍 동화길 51,37.219134381,126.955552042
대구 중구,대구동성로점,영업중,"대구광역시 중구 동성로6길 32, B1~2층 (공평동 52-2) 할리스",24시간,053-252-6307,대구광역시 중구 동성로6길 32,35.868723517,128.597080024
서울 은평구,응암역점,영업중,서울특별시 은평구 증산로 475 .,,02-3152-2910,서울특별시 은평구 증산로 475,37.598640453,126.915337936
경남 창원시 성산구,상남중앙점,영업중,경상남도 창원시 성산구 마디미로38번길 11 (상남동 25) 할리스,,055-261-5925,경상남도 창원시 성산구 마디미로38번길 11,35.221535175,128.682506957
인천 남구,인천주안역점,영업중,"인천광역시 미추홀구 주안로 105 1,2층 주안동 130-10",,032-425-1793,인천광역시 미추홀구 주안로 105 1,37.464233699,126.681336637
울산 남구,울산삼산대로점,영업중,울산광역시 남구 정동로 71 (삼산동) 삼산동,테라스 주차,052-293-2234,울산광역시 남구 정동로 71,35.540356812,129.343584085
경기 구리시,구리장자호수공원점,영업중,"경기도 구리시 장자대로 86번길 18 1,2층 (참참존빌딩)",테라스 주차,031-568-7232,경기도 구리시 장자대로 86번길 18 1,37.587132931,127.139408700
서울 서대문구,이대점,영업중,"서울특별시 서대문구 이화여대길 59 (대현동, 메르체쇼핑몰) 엘큐브 3층",흡연시설,02-392-1008,서울특별시 서대문구 이화여대길 59,37.558936038,126.945165544
제주 제주시,제주협재해변점,영업중,제주특별자치도 제주시 한림읍 한림로 330 협재리 2514-2번지,주차,064-796-1780,제주특별자치도 제주시 한림읍 한림로 330 협재리 2514-2번지,0,0
대구 동구,동대구환승센터점,영업중,"대구광역시 동구 동부로 149 (신천동, 신세계동대구복합환승센터) 3층",,053-742-0614,대구광역시 동구 동부로 149,35.877861466,128.629281664
광주 북구,광주문흥점,영업중,광주광역시 북구 서하로 373 (문흥동) 102호,,062-265-4931,광주광역시 북구 서하로 373,35.186110253,126.921287718
경기 수원시,수원경인일보점,영업중,경기도 수원시 팔달구 효원로 299 .,흡연시설 주차,031-226-0530,경기도 수원시 팔달구 효원로 299,37.261469658,127.034651366
부산 수영구,부산광안해변점,영업중,부산광역시 수영구 광안해변로 251 (민락동) 178-5,,051-752-4551,부산광역시 수영구 광안해변로 251,35.155260396,129.121367012
경기 파주시,파주야당역점,영업중,"경기도 파주시 경의로 1042 (야당동) 1,2층",주차,031 946 4823,경기도 파주시 경의로 1042,37.710461712,126.759826334
서울 양천구,목동예술인회관점,영업중,"서울시 양천구 목동서로 225, 예술인회관 1층 1층",24시간 주차,02-2655-1300,서울시 양천구 목동서로 225,37.527108270,126.870745408
서울 노원구,당고개역점,영업중,서울특별시 노원구 덕릉로126길 11 (상계동) .,주차,02-951-1029,서울특별시 노원구 덕릉로126길 11,37.670602140,127.081921088
경기 고양시 덕양구,원당점,영업중,"경기도 고양시 덕양구 호국로 797, 대동피렌체 104~106호 1층",테라스 주차,031-964-7785,경기도 고양시 덕양구 호국로 797,37.657400605,126.836393642
충북 괴산군,(하)괴산휴게소점,영업중,충북 괴산군 장연면 중부내륙고속도로 205 괴산(마산방향)휴게소  할리스커피,24시간 주차,043-832-7966,충북 괴산군 장연면 중부내륙고속도로 205 괴산,36.831403931,127.957866027
전남 보성군,(상)보성녹차휴게소점,영업중,전라남도 보성군 미력면 남해고속도로 63 (보성녹차(목포)주유소) 목포방향,주차,070-4325-8801,전라남도 보성군 미력면 남해고속도로 63,34.813740834,127.127666221
전남 보성군,(하)보성녹차휴게소점,영업중,전남 보성군 겸백면 남해고속도로 70 .,주차,070-4325-8808,전남 보성군 겸백면 남해고속도로 70,34.807902131,127.182114461
서울 강남구,선릉샹제리제점,영업중,"서울특별시 강남구 테헤란로 406 (대치동, 샹제리제센터) 1층",주차,02-501-4255,서울특별시 강남구 테헤란로 406,37.504348871,127.049843708
경기 양주시,양주고읍점,영업중,"경기도 양주시 고읍남로 10 (광사동) 1,2층",테라스 주차,031-843-0078,경기도 양주시 고읍남로 10,37.795401818,127.079950366
경기 안양시 만안구,안양엠타워컨벤션점,영업중,경기 안양시 만안구 안양로 104 (안양동) 엠타워컨벤션 1층 .,테라스 주차,031-469-0202,경기 안양시 만안구 안양로 104,37.384502513,126.933873038
인천 연수구,인천연수CGV점,영업중,인천 연수구 동춘동926 스퀘어원 4층 .,주차,032-456-4499,인천 연수구 동춘동926 스퀘어원 4층,0,0
경북 김천시,(상)추풍령휴게소점,영업중,경북 김천시 봉산면 경부고속도로 214-1 광천리 737-1 (서울방향),주차,054-439-3187,경북 김천시 봉산면 경부고속도로 214-1 광천리 737-1,36.199926365,128.003587880
울산 북구,울산풍차DT점,영업중,울산광역시 북구 신천동 456 .,DT 매장 주차,052-292-8181,울산광역시 북구 신천동 456,0,0
경기 용인시 기흥구,용인흥덕점,영업중,경기도 용인시 기흥구 흥덕2로87번길 17 세림프라자 1층,흡연시설 주차,031-217-7393,경기도 용인시 기흥구 흥덕2로87번길 17 세림프라자 1층,37.275095532,127.071891147
서울 서초구,(하)만남의광장점,영업중,"서울특별시 서초구 양재대로12길 73-71 (원지동, 만남의광장) 할리스커피",주차,02-578-3372,서울특별시 서초구 양재대로12길 73-71,37.460594240,127.041541547
경기 시흥시,시흥하늘휴게소점,영업중,경기도 시흥시 수도권제1순환고속도로 105-1 (조남동) .,주차,070-4233-9004,경기도 시흥시 수도권제1순환고속도로 105-1,37.385161940,126.856129802
대전 서구,대전타임월드점,영업중,대전광역시 서구 둔산로 32-13 (둔산동) .,흡연시설 주차,042-489-1315,대전광역시 서구 둔산로 32-13,36.351058530,127.377297745
전남 무안군,남악신도시점,영업중,"전라남도 무안군 삼향읍 남악로 234 트리폴리앙 B동 1, 108호 .",주차,061-282-8280,전라남도 무안군 삼향읍 남악로 234 트리폴리앙 B동 1,34.804518670,126.463828545
대구 달성군,대구디아크점,영업중,"대구광역시 달성군 다사읍 강정본길 57, 3층 .",주차,053-591-2209,대구광역시 달성군 다사읍 강정본길 57,35.841157920,128.465060341
부산 기장군,(상)장안휴게소점,영업중,부산광역시 기장군 장안읍 동해고속도로 26 .,주차,051-727-3714,부산광역시 기장군 장안읍 동해고속도로 26,35.382872652,129.248393781
부산 기장군,(하)장안휴게소점,영업중,부산광역시 기장군 장안읍 동해고속도로 25 (장안휴게소하행) .,주차,051-727-3647,부산광역시 기장군 장안읍 동해고속도로 25,35.377521325,129.246402795
경남 통영시,경남통영점,영업중,"경상남도 통영시 무전8길 33 (무전동, 로운빌딩) .",,055-649-1314,경상남도 통영시 무전8길 33,34.858374588,128.427604337
서울 중구,충무로역점,영업중,"서울특별시 중구 퇴계로36길 2 (필동2가, 동국대학교충무로영상센터) .",흡연시설 주차,02-2268-8960,서울특별시 중구 퇴계로36길 2,37.560643523,126.993555777
경기 이천시,(상)마장휴게소점,영업중,경기도 이천시 마장면 중부고속도로 82 마장휴게소 상행 하남방향,주차,031-630-0001,경기도 이천시 마장면 중부고속도로 82 마장휴게소 상행 하남방향,37.263991243,127.407010491
세종 세종시,세종소담DI점,영업중,세종 특별자치시 소담동 570 .,주차,044-862-9027,세종 특별자치시 소담동 570,0,0
경북 군위군,(하)군위영천휴게소점,영업중,경상북도 군위군 산성면 백학리 산 15-2 산 15-2,주차, ,경상북도 군위군 산성면 백학리 산 15-2 산 15-2,0,0
부산 중구,부산BIFF광장점,영업중,"부산 중구 비프광장로 31-1, 1층 .",,051-242-6552,부산 중구 비프광장로 31-1,35.098991235,129.028573627
부산 동구,부산역사점,영업중,"부산광역시 동구 중앙대로 206 (초량동, 한국철도공사부산지역본부) 2충 초량동 1187-1",,051-441-0918,부산광역시 동구 중앙대로 206,35.116648733,129.042416360
부산 해운대구,부산해운대비치점,영업중,부산광역시 해운대구 우동 618-14 .,,055-731-5253,부산광역시 해운대구 우동 618-14,0,0
광주 북구,광주일곡점,영업중,광주광역시 북구 일곡동 821-5    1~3층,,070-7716-0123,광주광역시 북구 일곡동 821-5    1~3층,0,0
경기 양주시,양주점,영업중,경기도 양주시 평화로 1407 (덕계동) .,테라스 주차,031-868-5779,경기도 양주시 평화로 1407,37.816480268,127.045906224
충남 당진시,당진푸르지오점,영업중,충청남도 당진시 읍내동 1590 1층 희은빌라 .,주차,041-354-2004,충청남도 당진시 읍내동 1590 1층 희은빌라,0,0
대전 유성구,대전전민점,영업중,대전광역시 유성구 전민로22번길 62 .,,042-389-2831,대전광역시 유성구 전민로22번길 62,36.399164292,127.402743086
서울 영등포구,에벤에셀빌딩점,영업중,서울특별시 영등포구 영중로 8-1 (영등포동3가) .,흡연시설,02-2069-0773,서울특별시 영등포구 영중로 8-1,37.517237536,126.906449219
강원 홍천군,홍천점,영업중,강원도 홍천군 홍천읍 꽃뫼로 98 .,,033-432-3368,강원도 홍천군 홍천읍 꽃뫼로 98,37.691176814,127.884515089
전남 목포시,목포하당점,영업중,전라남도 목포시 비파로51번길 37 (상동) .,주차,061-283-9800,전라남도 목포시 비파로51번길 37,34.801328858,126.423102569
경북 군위군,(상)삼국유사군위휴게소점,영업중,경상북도 군위군 부계면 창평리 산98-4 .,주차,0,경상북도 군위군 부계면 창평리 산98-4,0,0
경북 김천시,김천혁신도시점,영업중,경상북도 김천시 혁신로 246 .,주차,054-433-4333,경상북도 김천시 혁신로 246,36.122068565,128.181491557
대구 서구,대구팔달교DT점,영업중,대구광역시 서구 팔달로 34 .,DT 매장 주차,053-341-9595,대구광역시 서구 팔달로 34,35.891347486,128.553809942
경기 남양주시,별내카페거리점,영업중,경기도 남양주시 두물로39번길 33 (별내동) .,테라스 주차,031-574-5655,경기도 남양주시 두물로39번길 33,37.658836227,127.127724231
경기 파주시,파주탄현점,영업중,"경기도 파주시 탄현면 방촌로 1017 1,2층",주차,031-947-9477,경기도 파주시 탄현면 방촌로 1017 1,37.824946251,126.733479443
경기 안성시,(상)안성휴게소점,영업중,경기도 안성시 원곡면 산하리 67-3  000,주차,x,경기도 안성시 원곡면 산하리 67-3  000,0,0
광주 광산구,광주우산점,영업중,광주광역시 광산구 풍영철길로 12 (우산동) 1층,주차,062-956-6582,광주광역시 광산구 풍영철길로 12,35.162472192,126.812455132
전북 군산시,군산수송점,영업중,전라북도 군산시 수송동 831-1 1층,주차,063-467-9500,전라북도 군산시 수송동 831-1 1층,0,0
서울 동작구,장승배기역점,영업중,"서울특별시 동작구 장승배기로11가길 11 (상도동, 상도파크자이) 1층",주차,02-812-9330,서울특별시 동작구 장승배기로11가길 11,37.505892691,126.938903893
경기 화성시,동탄호수공원점,영업중,경기도 화성시 동탄면 동탄순환대로5길 15 .,,031-373-5223,경기도 화성시 동탄면 동탄순환대로5길 15,0,0
경기 수원시,수원인계점,영업중,경기도 수원시 팔달구 인계로138번길 49 (인계동) .,테라스 24시간,031-222-6842,경기도 수원시 팔달구 인계로138번길 49,37.264777475,127.031999103
인천 중구,영종하늘도시점,영업중,인천 중구 중산동 1876-9 .,주차,032-752-1761,인천 중구 중산동 1876-9,0,0
서울 서대문구,서대문역점,영업중,서울특별시 서대문구 통일로9안길 28 (충정로2가) 1층,테라스 흡연시설,02-313-0807,서울특별시 서대문구 통일로9안길 28,37.566094642,126.965334154
서울 관악구,신림고시촌점,영업중,서울특별시 관악구 호암로 605 (신림동) 1층,테라스,02-871-0777,서울특별시 관악구 호암로 605,37.471437278,126.933629995
부산 동구,동부산우체국점,영업중,"부산광역시 동구 조방로 15, 1층  .",,051-631-3193,부산광역시 동구 조방로 15,35.138279949,129.062265943
경기 안산시 단원구,안산로데오점,영업중,경기도 안산시 단원구 중앙대로 907 .,흡연시설,031-405-7337,경기도 안산시 단원구 중앙대로 907,37.317160225,126.837210627
경기 안성시,안성팜랜드점,영업중,"경기도 안성시 공도읍 대신두길 28, 안성팜랜드 .",주차,070-4228-7345,경기도 안성시 공도읍 대신두길 28,36.991779806,127.193275302
경남 양산시,양산원동점,영업중,경상남도 양산시 원동면 원동로 1429 .,주차,055-372-0268,경상남도 양산시 원동면 원동로 1429,35.359798859,128.925139349
광주 서구,광주금호점,영업중,광주광역시 서구 운천로 3 (금호동 762-6) 1층,,062-385-0725,광주광역시 서구 운천로 3,35.133077854,126.859069627
인천 서구,인천엠파크허브점,영업중,"인천광역시 서구 염곡로 52, 엠파크 허브동 103호 (가좌동 150-19) .",주차,032-265-0103,인천광역시 서구 염곡로 52,37.490454670,126.665910436
대구 달서구,대구본리점,영업중,대구광역시 달서구 장기로 203 (본리동 62-16) .,주차,053-553-3002,대구광역시 달서구 장기로 203,35.843344311,128.538114504
부산 강서구,명지국제신도시점,영업중,부산광역시 강서구 명지국제11로 57 (명지동 3334-4) .,주차,051-271-5600,부산광역시 강서구 명지국제11로 57,35.104465066,128.924870764
광주 서구,유스퀘어CGV점,영업중,"광주광역시 서구 무진대로 904, 유스퀘어 2층 (광천동, 49-1) .",주차,062-351-4687,광주광역시 서구 무진대로 904,35.160318622,126.881236822
경남 김해시,김해구산점,영업중,경상남도 김해시 가락로 321 (구산동) .,주차,055-323-8123,경상남도 김해시 가락로 321,35.253430949,128.871284563
광주 북구,광주오치점,영업중,광주광역시 북구 서하로 185 (오치동 862-21) 1층,주차,062-251-5684,광주광역시 북구 서하로 185,35.187461229,126.900751402
광주 광산구,광주운남점,영업중,광주광역시 광산구 하남대로 248-13 (운남동 771-3 ) 1층,,062-951-5979,광주광역시 광산구 하남대로 248-13,35.177901658,126.820722412
전북 익산시,익산어양점,영업중,"전라북도 익산시 동서로63길 4, 101호 (어양동, 하모니시티) 1층",,063-832-4700,전라북도 익산시 동서로63길 4,35.952925002,126.987826662
전북 전주시 덕진구,전주백제대로점,영업중,전라북도 전주시 덕진구 백제대로 592 (금암동) 1층,주차,063-271-5056,전라북도 전주시 덕진구 백제대로 592,35.840896554,127.134552852
경기 의정부시,의정부민락점,영업중,"경기도 의정부시 오목로205번길 55 (민락동, 메가타워) .",주차,031-851-3633,경기도 의정부시 오목로205번길 55,37.745875167,127.095864314
경기 수원시,수원팔달문점,영업중,경기도 수원시 팔달구 정조로 777번길 2 (팔달로2가) .,,031-242-9990,경기도 수원시 팔달구 정조로 777번길 2,37.277547317,127.015397571
충남 천안시 동남구,동천안우체국점,영업중,"충청남도 천안시 동남구 청수5로 10, 1층 .",주차,041-522-5024,충청남도 천안시 동남구 청수5로 10,36.783894459,127.155161458
경남 사천시,(상)사천휴게소점,영업중,경상남도 사천시 곤양면 묵실길 31-11 (순천방향) .,주차,055-854-3574,경상남도 사천시 곤양면 묵실길 31-11,35.075140798,128.013180419
경남 사천시,(하)사천휴게소점,영업중,경상남도 사천시 곤양면 서삼로 619 (부산방향) .,주차,055-854-3134,경상남도 사천시 곤양면 서삼로 619,35.073095189,128.010366418
울산 중구,울산태화강공원점,영업중,울산광역시 중구 태화강국가정원길 241 (태화동 595) .,주차,010-3946-0100,울산광역시 중구 태화강국가정원길 241,35.551197094,129.300722370
전북 전주시 완산구,전북도청점,영업중,"전라북도 전주시 완산구 홍산남로 51, 102~103호 일부(효자동3가) 1층",주차,063-228-4005,전라북도 전주시 완산구 홍산남로 51,35.815993584,127.107487543
전북 부안군,전북부안점,영업중,"전라북도 부안군 부안읍 석정로 269, 1층 .",,063-581-0620,전라북도 부안군 부안읍 석정로 269,35.721563754,126.737675270
경기 남양주시,별내북부역점,영업중,경기도 남양주시 순화궁로 449 (별내동) .,테라스 주차,031-555-0128,경기도 남양주시 순화궁로 449,37.665556945,127.119876246
서울 성동구,한양대시티빌점,영업중,서울특별시 성동구 마조로1가길 9 (행당동) .,테라스,02-2299-9934,서울특별시 성동구 마조로1가길 9,37.560489159,127.039915112
강원 동해시,동해촛대바위점,영업중,강원도 동해시 촛대바위길 16 (추암동 1-6) .,주차,033-522-0117,강원도 동해시 촛대바위길 16,37.478177165,129.158931694
경기 이천시,이천점,영업중,경기도 이천시 창전동 160-26 .,흡연시설,031-635-6655,경기도 이천시 창전동 160-26,0,0
경북 경산시,경산중방점,영업중,"경상북도 경산시 경안로 205, 2층 .",주차,053-814-9980,경상북도 경산시 경안로 205,35.825881167,128.736459117
울산 북구,울산공항1호점,영업중,울산광역시 북구 산업로 1103 울산공항 2층 일반대합실 .,주차,052-289-5525,울산광역시 북구 산업로 1103 울산공항 2층 일반대합실,35.594662131,129.356760317
울산 북구,울산공항2호점,영업중,울산광역시 북구 산업로 1103 울산공항 2층 격리대합실 .,주차,없음,울산광역시 북구 산업로 1103 울산공항 2층 격리대합실,35.594662131,129.356760317
서울 서초구,논현역점,영업중,"서울특별시 서초구 신반포로 332 (반포동, 우진빌딩) 1층",흡연시설 주차,02-515-1162,서울특별시 서초구 신반포로 332,37.510391223,127.020081545
서울 서초구,포이사거리점,영업중,서울특별시 서초구 논현로19길 5 (양재동) .,테라스 주차,070-4409-4246,서울특별시 서초구 논현로19길 5,37.476579013,127.045102129
부산 서구,부산송도점,영업중,부산광역시 서구 송도해변로 61-1 .,,051-255-6100,부산광역시 서구 송도해변로 61-1,35.074429705,129.015643501
경기 평택시,평택서재점,영업중,"경기도 평택시 서재로 26-24 (동삭동) 1,2층 .",흡연시설,031-651-2750,경기도 평택시 서재로 26-24,37.009625431,127.098933742
강원 원주시,원주단계택지점,영업중,강원도 원주시 장미공원길 27-9 .,테라스 흡연시설,033-745-5007,강원도 원주시 장미공원길 27-9,37.346023110,127.932012189
전남 영광군,영광백수해안도로점,영업중,전라남도 영광군 백수읍 해안로 918 .,주차,061-353-5866,전라남도 영광군 백수읍 해안로 918,35.349671433,126.387936583
서울 강남구,수서점,영업중,"서울특별시 강남구 밤고개로1길 10 (수서동, 수서현대벤쳐빌) 지하1층",주차,02-451-0723,서울특별시 강남구 밤고개로1길 10,37.488049068,127.101784007
경기 수원시,수원오목천점,영업중,경기도 수원시 권선구 서수원로 179 1~2층,주차,031-291-7933,경기도 수원시 권선구 서수원로 179 1~2층,37.242894505,126.968889933
경북 군위군,(상)군위휴게소점,영업중,경상북도 군위군 군위읍 경북대로 4084 부산방향,주차,054-383-6114,경상북도 군위군 군위읍 경북대로 4084 부산방향,36.266648021,128.574917047
경남 양산시,양산신도시점,영업중,경상남도 양산시 물금읍 야리로 127 .,,055-366-0268,경상남도 양산시 물금읍 야리로 127,35.311384591,129.009615513
전북 전주시 덕진구,전북대덕진광장점,영업중,"전라북도 전주시 덕진구 덕진광장로12, 1층 2층(덕진동1가) 1층",,063-272-2400,전라북도 전주시 덕진구 덕진광장로12,35.844416951,127.124900308
전북 남원시,(상)지리산휴게소점,영업중,전라북도 남원시 아영면 광주대구고속도로 76 (대구방면),주차,063-636-7191,전라북도 남원시 아영면 광주대구고속도로 76,35.481324830,127.566781846
전북 남원시,(하)지리산휴게소점,영업중,"전라북도 남원시 아영면 광주대구고속도로 75 (지리산휴게소(하)광주방면) (광주, 고서,담양방면)",주차,063-636-7195,전라북도 남원시 아영면 광주대구고속도로 75,35.483452429,127.566342895
전남 여수시,여수웅천점,영업중,전라남도 여수시 예울마루로 35-24 (웅천동) .,,061-681-2522,전라남도 여수시 예울마루로 35-24,34.746484733,127.671954583
대구 달서구,대구장기점,영업중,대구광역시 달서구 장기로 268 .,주차,053-522-0666,대구광역시 달서구 장기로 268,35.843894966,128.530896898
경북 성주군,(상)남성주휴게소점,영업중,"경상북도 성주군 용암면 중부내륙고속도로 76 (본리리, 남성주(양평방향)휴게소) 양평방향",주차,054-931-5742,경상북도 성주군 용암면 중부내륙고속도로 76,35.857884618,128.319963883
전북 전주시 덕진구,전북대병원점,영업중,"전라북도 전주시 덕진구 건지로 20 (금암동, 전북대학교병원 할리스커피) 전북대병원 내 본관-호흡기센터 사이 위치",테라스 주차,063-259-3140,전라북도 전주시 덕진구 건지로 20,35.847965942,127.141059715
서울 서초구,고속터미널영동선점,영업중,"서울특별시 서초구 신반포로 194 (반포동, 강남고속버스터미널) 2층 A-2호",,02-591-1555,서울특별시 서초구 신반포로 194,37.506435307,127.006833068
충북 옥천군,(상)옥천휴게소점,영업중,"충청북도 옥천군 옥천읍 옥천동이로 242-34 (매화리, 옥천상휴게소) .",주차,043-731-8096,충청북도 옥천군 옥천읍 옥천동이로 242-34,36.297964616,127.599043418
세종 세종시,세종어진점,영업중,"세종특별자치시 절재로 194 (어진동, 중앙타운) 133호,214호 .",주차,070-7766-1589,세종특별자치시 절재로 194,36.508305497,127.262441390
대구 북구,대구동천점,영업중,대구광역시 북구 동천로 125 (동천동) .,주차,053-321-0099,대구광역시 북구 동천로 125,35.942726584,128.560453453
경북 경주시,(상)외동휴게소점,영업중,경상북도 경주시 외동읍 석계리 970번지 상석길 58-70,주차,054-745-0631,경상북도 경주시 외동읍 석계리 970번지 상석길 58-70,0,0
부산 사하구,부산다대포전망대점,영업중,부산광역시 사하구 다대낙조2길 85 (다대동) .,,051-265-9191,부산광역시 사하구 다대낙조2길 85,35.052929377,128.961440033
경북 성주군,(하)남성주휴게소점,영업중,"경상북도 성주군 선남면 중부내륙고속도로 77 (명포리, 남성주(창원방향)휴게소) 창원방향",주차,054-933-7105,경상북도 성주군 선남면 중부내륙고속도로 77,35.868000795,128.316405292
경기 안양시 만안구,안양역점,영업중,경기도 안양시 만안구 장내로139번길 61 .,테라스 흡연시설,031-466-2879,경기도 안양시 만안구 장내로139번길 61,37.399949175,126.921016189
대전 유성구,대전도안마을점,영업중,"대전광역시 유성구 도안대로 560 (봉명동, 도안마을1단지) .",,042-826-6080,대전광역시 유성구 도안대로 560,36.351445442,127.343562013
전북 전주시 덕진구,전주하가점,영업중,전라북도 전주시 덕진구 가련산로 25 (덕진동2가) 1층,,063-275-1230,전라북도 전주시 덕진구 가련산로 25,35.842077199,127.111147237
서울 구로구,구로점,영업중,서울특별시 구로구 디지털로34길 55 (코오롱싸이언스밸리2차) 1층 (일요일 휴점),주차,02-2025-0255,서울특별시 구로구 디지털로34길 55,37.484345905,126.899285087
경기 고양시 덕양구,고양행신점,영업중,경기도 고양시 덕양구 충경로 37 (행신동) 1층,테라스 흡연시설 주차,031-938-4055,경기도 고양시 덕양구 충경로 37,37.615685323,126.833586062
대구 수성구,대구범어점,영업중,대구광역시 수성구 범어천로 44 (범어동) .,주차,053-761-2187,대구광역시 수성구 범어천로 44,35.850678421,128.623682737
경기 고양시 일산동구,인계써드아이점,영업중,경기도 수원시 팔달구 인계로 130 (인계동) 1층,흡연시설 주차,031-232-0727,경기도 수원시 팔달구 인계로 130,37.267036833,127.031770247
충남 아산시,아산우체국점,영업중,"충청남도 아산시 시민로 455 (온천동, 아산우체국) .",주차,041-548-5024,충청남도 아산시 시민로 455,36.789081738,127.001332058
충남 천안시 서북구,천안두정역점,영업중,충청남도 천안시 서북구 두정로 238 (두정동) .,주차,041-566-5148,충청남도 천안시 서북구 두정로 238,36.833203116,127.143380067
강원 동해시,동해묵호점,영업중,"강원도 동해시 해안로 368 (평릉동, 시드니) .",주차,033-534-8902,강원도 동해시 해안로 368,37.534992690,129.114808007
경북 경주시,경주황성점,영업중,경상북도 경주시 황성로28번길 15 .,주차,054-701-1234,경상북도 경주시 황성로28번길 15,35.864856463,129.216044135
서울 금천구,가산디지털단지점,영업중,"서울특별시 금천구 가산디지털1로 186 (가산동, 제이플라츠) .",주차,02-2028-7111,서울특별시 금천구 가산디지털1로 186,37.481915141,126.881596617
전남 목포시,목포평화점,영업중,전라남도 목포시 미항로 129 .,,061-285-0365,전라남도 목포시 미항로 129,34.796742067,126.434380940
서울 영등포구,KBS본관점,영업중,"서울특별시 영등포구 의사당대로 38 (여의도동, 여의도더샵아일랜드파크) 1층",테라스,02-2090-7007,서울특별시 영등포구 의사당대로 38,37.525527253,126.919235300
충북 단양군,(하)단양휴게소점,영업중,충청북도 단양군 적성면 기동리 산 74-1 (중앙고속도로 부산방향) 기동리 423-1,주차,043-423-5401,충청북도 단양군 적성면 기동리 산 74-1,0,0
대전 유성구,대전반석역점,영업중,대전광역시 유성구 반석동로40번길 40 (반석동) .,주차,042-714-5808,대전광역시 유성구 반석동로40번길 40,36.391252125,127.314259510
전북 고창군,전북고창점,영업중,전라북도 고창군 고창읍 중앙로 195 (읍내리) .,,063-564-3357,전라북도 고창군 고창읍 중앙로 195,35.435396010,126.696865326
경남 거창군,(상)거창휴게소점,영업중,"경상남도 거창군 가조면 가조가야로 1523 (도리, 거창휴게소(상)) .",주차,055-943-0992,경상남도 거창군 가조면 가조가야로 1523,35.706217615,128.056796796
경남 양산시,(서)양산휴게소점,영업중,"경상남도 양산시 동면 목장길 15-50 (내송리, 양산휴게소) .",주차,055-384-0144,경상남도 양산시 동면 목장길 15-50,35.323610118,129.056291815
경남 거창군,(하)거창휴게소점,영업중,경상남도 거창군 가조면 가조가야로 1485-48 (도리) (대구방향) .,주차,055-943-0992,경상남도 거창군 가조면 가조가야로 1485-48,35.705426589,128.055385879
서울 관악구,신림사거리점,영업중,서울특별시 관악구 남부순환로 1599-3 (신림동) 1층,테라스 24시간,02-877-1433,서울특별시 관악구 남부순환로 1599-3,37.484516032,126.928259255
경기 고양시 일산동구,평촌스마트스퀘어점,영업중,"경기도 안양시 동안구 시민대로 311, 110호/111호(관양동, 금강스마트빌딩) .",주차,031-421-8097,경기도 안양시 동안구 시민대로 311,37.396018095,126.964662508
충북 청주시 청원구,청주성모병원점,영업중,"충청북도 청주시 청원구 주중동 589-5, 청주성모병원 본관 .",주차,070-7761-0015,충청북도 청주시 청원구 주중동 589-5,0,0
경기 안성시,(하)안성휴게소점,영업중,경기도 안성시 원곡면 경부고속도로 365 안성휴게소(부산방향) .,주차,031-655-0531,경기도 안성시 원곡면 경부고속도로 365 안성휴게소,37.013371619,127.144835760
전북 전주시 완산구,전주한옥마을점,영업중,전라북도 전주시 완산구 은행로 16 (풍남동 1가 53-3) 1층,,063-288-0801,전라북도 전주시 완산구 은행로 16,35.818487768,127.151693972
대전 서구,대전롯데점,영업중,"대전광역시 서구 용문로 41-80, 리베라 아이누리주상복합 101 .",주차,042-528-2155,대전광역시 서구 용문로 41-80,36.339613941,127.388987336
경기 고양시 일산동구,라페스타입구점,영업중,경기도 고양시 일산동구 중앙로1275번길 38-15 삼희포시즌프라자 1층 1층,테라스,031-904-1991,경기도 고양시 일산동구 중앙로1275번길 38-15 삼희포시즌프라자 1층 1층,37.659910159,126.770094918
경기 의정부시,의정부시청점,영업중,경기도 의정부시 시민로 57 .,테라스,031-826-0009,경기도 의정부시 시민로 57,37.738596384,127.041594158
충북 청주시 청원구,청주율량점,영업중,충청북도 청주시 청원구 1순환로 122 .,주차,043-216-1990,충청북도 청주시 청원구 1순환로 122,36.660127030,127.478772929
대전 서구,대전관저점,영업중,"대전광역시 서구 관저중로64번길 26 1,2층 .",테라스 흡연시설,042-542-8080,대전광역시 서구 관저중로64번길 26 1,36.297473494,127.336336674
인천 서구,인천검단사거리점,영업중,인천 서구 검단로 465 .,,070-7766-4494,인천 서구 검단로 465,37.601732597,126.656038692
울산 울주군,울산간절곶해맞이점,영업중,"울산광역시 울주군 서생면 나사해안길 135 1,2층 .",주차,052-239-5336,울산광역시 울주군 서생면 나사해안길 135 1,35.353103538,129.345624758
전북 전주시 완산구,전주혁신도시점,영업중,전라북도 전주시 완산구 오공로 33 1~2층,주차,063-221-3361,전라북도 전주시 완산구 오공로 33 1~2층,0,0
충남 천안시 서북구,천안두정점,영업중,"충청남도 천안시 서북구 오성6길 52, 1층 .",24시간 주차,041-574-0013,충청남도 천안시 서북구 오성6길 52,36.831642104,127.133096798
충북 청주시 청원구,오창점,영업중,"충청북도 청주시 청원구 오창읍 과학산업2로 363, 신우에비뉴엘빌딩 105호 (양청리) .",,043-218-2998,충청북도 청주시 청원구 오창읍 과학산업2로 363,36.714884250,127.422041105
강원 원주시,(춘)치악휴게소점,영업중,강원도 원주시 신림면 다리실2길 32 0000,주차,033-762-8129,강원도 원주시 신림면 다리실2길 32 0000,37.256853937,128.048728844
서울 영등포구,대림역점,영업중,"서울특별시 영등포구 도림로 140 (대림동, 대림빌딩) .",테라스,02-834-1000,서울특별시 영등포구 도림로 140,37.493033581,126.897635486
경기 여주시,(강)여주휴게소점,영업중,경기도 여주시 가남읍 여주남로 722 0,주차,031-882-3120,경기도 여주시 가남읍 여주남로 722 0,37.237976262,127.570066638
경기 평택시,평택점,영업중,경기도 평택시 평택1로 11 .,흡연시설,031-651-1223,경기도 평택시 평택1로 11,36.993146851,127.086862086
충북 진천군,충북진천점,영업중,충청북도 진천군 진천읍 중앙북로 28 2층 .,,043-534-8584,충청북도 진천군 진천읍 중앙북로 28 2층,36.858731561,127.440092575
인천 서구,청라센터시아점,영업중,인천 서구 중봉대로612번길 16 1층 .,주차,032-567-1192,인천 서구 중봉대로612번길 16 1층,37.533906877,126.651385117
광주 광산구,광주하남점,영업중,광주광역시 광산구 용아로 400 1층,주차,070-4157-5092,광주광역시 광산구 용아로 400 1층,35.179046894,126.805039198
경기 김포시,김포골드밸리점,영업중,경기도 김포시 양촌읍 황금로109번길 27 1층,테라스 주차,031-998-7233,경기도 김포시 양촌읍 황금로109번길 27 1층,37.617461111,126.622272993
경기 수원시,수원영통점,영업중,경기도 수원시 영통구 청명남로 10 .,,031-202-3356,경기도 수원시 영통구 청명남로 10,37.250867099,127.074134646
서울 서초구,남부터미널점,영업중,"서울특별시 서초구 서초중앙로 52 (서초동, 영진빌딩) 1층",,02-584-9500,서울특별시 서초구 서초중앙로 52,37.486600834,127.015641337
서울 강동구,고덕리앤파크점,영업중,서울특별시 강동구 상일로 151 (고덕동) 1층,주차,02-441-1121,서울특별시 강동구 상일로 151,37.560504562,127.170500303
강원 원주시,원주중앙점,영업중,"강원도 원주시 중평길 4, 2~4층 .",흡연시설,033-748-1188,강원도 원주시 중평길 4,37.349165169,127.950023834
전북 전주시 덕진구,전주송천점,영업중,"전라북도 전주시 덕진구 송천로 1, 1-2블럭 2-112,113,136호 1층",주차,063-275-3308,전라북도 전주시 덕진구 송천로 1,35.853001099,127.118898417
전북 전주시 덕진구,송천솔내점,영업중,전라북도 전주시 덕진구 송천동 2가 244-10 1층,,063-291-8000,전라북도 전주시 덕진구 송천동 2가 244-10 1층,0,0
서울 강남구,한티역점,영업중,"서울특별시 강남구 도곡로 414 (대치동, 삼성빌딩) .",주차,02-538-8886,서울특별시 강남구 도곡로 414,37.496791709,127.055932445
강원 강릉시,강릉항마리나점,영업중,강원도 강릉시 창해로14번길 51-20 .,주차,070-8816-6543,강원도 강릉시 창해로14번길 51-20,37.772381357,128.951039751
광주 광산구,광주첨단점,영업중,광주광역시 광산구 첨단중앙로 136 1층,주차,062-434-0200,광주광역시 광산구 첨단중앙로 136 1층,35.217256476,126.842657384
부산 수영구,부산수영로터리점,영업중,"부산광역시 수영구 수영로 710-1, 프라임메디컬빌딩 2층 201 .",주차,070-4239-7541,부산광역시 수영구 수영로 710-1,35.167696385,129.117227143
경기 고양시 일산서구,일산레이킨스몰점,영업중,경기도 고양시 일산서구 호수로 817 레이킨스몰 138 1층,주차,031 916 1289,경기도 고양시 일산서구 호수로 817 레이킨스몰 138 1층,37.667987136,126.751642965
강원 원주시,(부)치악휴게소점,영업중,강원도 원주시 신림면 치악로 416 0,주차,033-762-8128,강원도 원주시 신림면 치악로 416 0,37.254153490,128.048235997
인천 남동구,간석역남부점,영업중,인천 남동구 석산로 11 .,테라스,032-427-7935,인천 남동구 석산로 11,37.463838661,126.694980789
서울 중구,충정래미안점,영업중,"서울특별시 중구 중림로 21 (중림동, 더플레이스충정로) 1층",테라스 주차,02-363-1388,서울특별시 중구 중림로 21,37.558909184,126.966059439
인천 남동구,인천소래역점,영업중,"인천 남동구 소래역남로 22 에코프라자 114호, 206호 .",주차,032-422-4595,인천 남동구 소래역남로 22 에코프라자 114호,37.398368671,126.734374982
경기 성남시,동판교M타워점,영업중,"경기도 성남시 분당구 판교역로241번길 22, 1층 .",주차,031-8017-7557,경기도 성남시 분당구 판교역로241번길 22,37.402722359,127.106811806
경남 거제시,거제수월점,영업중,경남 거제시 수양로 442 자이APT 상가1동 110호~112호 .,,055-636-7648,경남 거제시 수양로 442 자이APT 상가1동 110호~112호,34.891793489,128.642228313
서울 서대문구,북가좌점,영업중,"서울특별시 서대문구 응암로 89 (북가좌동) 1,2층",흡연시설,02-372-5556,서울특별시 서대문구 응암로 89,37.581080046,126.911905712
경기 화성시,수원대학교점,영업중,경기도 화성시 봉담읍 와우안길 20 .,주차,031-224-3856,경기도 화성시 봉담읍 와우안길 20,37.214373126,126.979038280
경기 수원시,수원성대역점,영업중,경기도 수원시 장안구 서부로2126번길 10 1층,,031-309-1660,경기도 수원시 장안구 서부로2126번길 10 1층,37.297924861,126.971989155
광주 서구,광주풍암점,영업중,광주광역시 서구 풍금로38번길 11 .,주차,062-652-5505,광주광역시 서구 풍금로38번길 11,35.123475623,126.863522144
서울 동작구,노량진역점,영업중,서울특별시 동작구 노량진로 157 (노량진동) 2층,24시간 흡연시설,02-827-0280,서울특별시 동작구 노량진로 157,37.513977640,126.943354410
경기 하남시,하남아이테코점,영업중,"경기도 하남시 조정대로 150. 아이테코 123호 (덕풍동, 아이테코)",주차,031-790-1513,경기도 하남시 조정대로 150 아이테코 123호,37.553518761,127.193919295
충북 청주시 흥덕구,충북대점,영업중,충청북도 청주시 흥덕구 내수동로 53 1~2층,흡연시설,043-266-2248,충청북도 청주시 흥덕구 내수동로 53 1~2층,36.632735038,127.453482607
서울 강동구,천호베네시티점,영업중,"서울특별시 강동구 올림픽로 664 (천호동, 대우한강베네시티) 1층",주차,02-476-1122,서울특별시 강동구 올림픽로 664,37.540559506,127.124975234
경북 군위군,(하)군위휴게소점,영업중,경상북도 군위군 군위읍 경북대로 4082 춘천방향,테라스 주차,070-4162-5309,경상북도 군위군 군위읍 경북대로 4082 춘천방향,36.265562618,128.577024102
서울 노원구,노원역점,영업중,"서울특별시 노원구 노해로 459 (상계동, 메가빌딩) .",테라스 주차,02-930-1744,서울특별시 노원구 노해로 459,37.654288016,127.058993330
서울 강동구,굽은다리역점,영업중,"서울특별시 강동구 양재대로 1591 , 1층 (천호동 31-2)",24시간 주차,02-488-5077,서울특별시 강동구 양재대로 1591,37.547680943,127.143015041
인천 연수구,송도IT점,영업중,"인천 연수구 송도과학로 32, 송도테크노파크IT센터 1층-A104호 (주말 휴점)",주차,032-209-7979,인천 연수구 송도과학로 32,37.381857945,126.662697194
경북 문경시,(하)문경휴게소점,영업중,경상북도 문경시 중부내륙고속도로 173 .,주차,054-554-1655,경상북도 문경시 중부내륙고속도로 173,36.620451035,128.149966385
서울 관악구,서울대사거리점,영업중,서울특별시 관악구 관악로 172 (봉천동) 2층,24시간 흡연시설,02-877-6070,서울특별시 관악구 관악로 172,37.480504542,126.952958522
서울 강남구,도심공항점,영업중,"서울특별시 강남구 테헤란로87길 22 (삼성동, 한국도심공항터미널, 2층)   .",주차,02-2016-5400,서울특별시 강남구 테헤란로87길 22,37.509632062,127.059443497
서울 종로구,광화문LG점,영업중,"서울특별시 종로구 새문안로 58 (신문로2가, LG광화문빌딩) 1층, 지하1층 (주말 휴점)",흡연시설 주차,02-720-6994,서울특별시 종로구 새문안로 58,37.569268927,126.971562298
서울 광진구,건대입구점,영업중,서울특별시 광진구 아차산로 235 (화양동)  235 (화양동),테라스 24시간 흡연시설,02-463-1983,서울특별시 광진구 아차산로 235,37.540622800,127.069528706
서울 중구,광화문점,영업중,서울특별시 중구 세종대로21길 55 (태평로1가) 1층 (일요일 휴점),,02-738-8004,서울특별시 중구 세종대로21길 55,37.569002408,126.975950431
서울 강남구,청담점,영업중,서울특별시 강남구 학동로 517 (청담동) 1층,테라스,02-515-9915,서울특별시 강남구 학동로 517,37.519959072,127.055262781
경남 진주시,진주교대점,영업중,경상남도 진주시 진양호로 348 .,,055-745-3303,경상남도 진주시 진양호로 348,35.183456544,128.068225335
인천 계양구,계양점,영업중,인천 계양구 도두리로 14 맘모스타운 1층 102호 .,주차,032-551-1166,인천 계양구 도두리로 14 맘모스타운 1층 102호,37.533722394,126.735579957
서울 송파구,방이점,영업중,"서울특별시 송파구 오금로11길 44 (방이동, 동주골프연습장) 1층 방이동 56-1",테라스,02-415-7705,서울특별시 송파구 오금로11길 44,37.515214660,127.111160751
광주 남구,광주봉선점,영업중,"광주광역시 남구 봉선중앙로 21, 1층 1층",주차,062-651-7888,광주광역시 남구 봉선중앙로 21,35.123266047,126.912593443
서울 동작구,이수역점,영업중,"서울특별시 동작구 동작대로 83 (사당동, 헤라피스빌딩) 1층",흡연시설 주차,02-588-4845,서울특별시 동작구 동작대로 83,37.484010264,126.981554905
경기 안산시 단원구,안산NC고잔점,영업중,경기도 안산시 단원구 광덕대로 194  안산NC고잔점 A관 1층,흡연시설 주차,031-436-4181,경기도 안산시 단원구 광덕대로 194  안산NC고잔점 A관 1층,37.313463310,126.831008500
서울 서초구,방배점,영업중,"서울특별시 서초구 남부순환로 2335 (방배동, 옥스포드빌딩) .",,02-581-4858,서울특별시 서초구 남부순환로 2335,37.477821825,127.006628598
경기 성남시,분당서현점,영업중,"경기도 성남시 분당구 황새울로 315, 1층 104 (서현동, 대현빌딩) .",24시간 주차,031-781-6254,경기도 성남시 분당구 황새울로 315,37.385053087,127.120457645
경기 부천시 원미구,부천중동점,영업중,"경기도 부천시 원미구 소향로 203, B동 109-110호 (중동, 메트로펠리스1) .",테라스 흡연시설 주차,032-325-6766,경기도 부천시 원미구 소향로 203,0,0
제주 제주시,제주이도점,영업중,제주특별자치도 제주시 승천로 71 .,,064-752-3005,제주특별자치도 제주시 승천로 71,33.492604113,126.542802322
서울 성북구,돈암점,영업중,서울특별시 성북구 동소문로20가길 28 (동선동1가) .,흡연시설 주차,02-924-6114,서울특별시 성북구 동소문로20가길 28,37.592812695,127.017960570
서울 광진구,테크노마트점,영업중,"서울특별시 광진구 광나루로56길 85 (구의동, 테크노-마트21) 9층",주차,02-3424-8484,서울특별시 광진구 광나루로56길 85,37.535652410,127.095740603
경기 군포시,산본점,영업중,"경기도 군포시 번영로 505 1층 (산본동, 대우디오플러스)  ",테라스 주차,031-392-5999,경기도 군포시 번영로 505 1층,37.358809986,126.933272689
광주 동구,광주충장로점,영업중,광주광역시 동구 충장로안길 43 .,,062-223-0688,광주광역시 동구 충장로안길 43,35.146726244,126.917533804
서울 송파구,교통회관점,영업중,"서울특별시 송파구 올림픽로 319 (신천동, 새마을 교통회관) 1층",주차,02-3431-1120,서울특별시 송파구 올림픽로 319,37.515631027,127.105601028
서울 강남구,역삼스타점,영업중,"서울특별시 강남구 테헤란로26길 12, 1층 (역삼동 736-56) 할리스",,02-501-4142,서울특별시 강남구 테헤란로26길 12,37.499446564,127.035856366
부산 남구,부산경성대2호점,영업중,"부산광역시 남구 수영로 306, 3층 (대연동 72-1) 할리스",,051-611-3021,부산광역시 남구 수영로 306,35.136900351,129.099856606
서울 강서구,김포공항점,영업중,서울특별시 강서구 하늘길 112 김포공항 국내선청사 1층,주차,02-2064-0312,서울특별시 강서구 하늘길 112 김포공항 국내선청사 1층,0,0
서울 영등포구,여의도하나투자점,영업중,서울특별시 영등포구  의사당대로 82 1층 할리스,주차,02-761-7231,서울특별시 영등포구  의사당대로 82 1층 할리스,37.522682885,126.921853435
서울 은평구,구산역점,영업중,서울특별시 은평구 연서로 135 (구산동 1-7) 할리스 ,흡연시설,02-351-3094,서울특별시 은평구 연서로 135,37.610882144,126.916831947
부산 해운대구,부산송정점,영업중,부산광역시 해운대구 송정광어골로 77 (송정동 443-5) 할리스,테라스 24시간 주차,051-701-5591,부산광역시 해운대구 송정광어골로 77,35.174717372,129.196547401
서울 광진구,광나루역점,영업중,"서울특별시 광진구 천호대로 808, 광장현대홈타운 제1202동 상가 1층 (광장동 580) 할리스",,02-444-0542,서울특별시 광진구 천호대로 808,37.545075965,127.102807439
부산 수영구,부산광안대교점,영업중,"부산광역시 수영구 광안해변로 217, 호메르스관광호텔 1층 (광안동 93-1) 할리스",테라스,051-754-9985,부산광역시 수영구 광안해변로 217,35.153427089,129.117980299
광주 북구,광주전남대점,영업중,광주광역시 북구 우치로 90(용봉동) 할리스,,062-251-1966,광주광역시 북구 우치로 90,35.175418050,126.912734758
대전 유성구,대전도안DT점,영업중,"대전광역시 유성구 도안동로 488,1-3층 할리스",DT 매장 테라스 흡연시설 주차,042-824-4931,대전광역시 유성구 도안동로 488,36.347687491,127.348395706
서울 강남구,세로수길점,영업중,서울특별시 강남구 강남대로152길 41 (신사동 536-6) 할리스,테라스,02-511-1473,서울특별시 강남구 강남대로152길 41,37.518258090,127.022688920
서울 양천구,목동점,영업중,"서울특별시 양천구 목동서로 159-1 CBS 1,2층 CBS 1,2층 할리스",주차,02-2062-1063,서울특별시 양천구 목동서로 159-1 CBS 1,0,0
광주 서구,광주아울렛점,영업중,광주광역시 서구  상무대로 633,테라스 흡연시설 주차,062-385-5122,광주광역시 서구  상무대로 633,35.140365363,126.834131354
울산 남구,울산디자인거리점,영업중,울산광역시 남구 돋질로302번길 38 (삼산동 1575-22) 할리스,,052-256-0566,울산광역시 남구 돋질로302번길 38,35.540686428,129.337126652
경기 성남시 분당구,분당율동공원점,영업중,경기도 성남시 분당구 문정로 140 (율동) 할리스,테라스 흡연시설 주차,031-701-0680,경기도 성남시 분당구 문정로 140,37.382334307,127.151430515
서울 영등포구,당산역점,영업중,서울특별시 영등포구 당산로 219 ,24시간 흡연시설,02-2631-3446,서울특별시 영등포구 당산로 219,37.533469614,126.901229337
서울 중구,무교점,영업중,"서울특별시 중구   무교로 28, 시그너스빌딩 1층 (무교동 7번지)",테라스,02-318-0988,서울특별시 중구   무교로 28,37.568470181,126.979582390
경기 수원시 권선구,수원권선행복점,영업중,경기도 수원시 권선구  권광로 119 (권선동) 1층 할리스,주차,031-221-7895,경기도 수원시 권선구  권광로 119,37.258622508,127.030253336
부산 동래구,부산동래역점,영업중,"부산광역시 동래구 삼성대길 34-25, 1~3층 (명륜동 502-4) 할리스",24시간,051-552-2990,부산광역시 동래구 삼성대길 34-25,35.205219289,129.081757538
서울 은평구,연신내점,영업중,"서울특별시 은평구 연서로 212, (대조동 199-28) 할리스",흡연시설 주차,02-388-3977,서울특별시 은평구 연서로 212,37.617184433,126.919681044
서울 광진구,건대일감호수점,영업중,서울특별시 광진구 아차산로39길 38-6 (자양동225-74) 할리스,테라스 흡연시설,02-456-6627,서울특별시 광진구 아차산로39길 38-6,37.539208983,127.075574564
서울 송파구,잠실광고회관점,영업중,"서울특별시 송파구 올림픽로35길 137, 한국방송문화회관 1층 (신천동 7-11) 할리스",주차,02-2144-0888,서울특별시 송파구 올림픽로35길 137,37.515941840,127.099620556
경남 창원시 성산구,창원상남점,영업중,경상남도 창원시 성산구 마디미로31번길 3 (상남동 상남동 18-9) 할리스,흡연시설 주차,055-261-5955,경상남도 창원시 성산구 마디미로31번길 3,35.221505168,128.684449360
서울 송파구,배명사거리점,영업중,"서울특별시 송파구 백제고분로 275, 1층 (석촌동 14-7) 할리스",주차,02-422-4915,서울특별시 송파구 백제고분로 275,37.502813565,127.097324397
서울 관악구,서울대예술문화점,영업중,서울특별시 관악구 관악로 1 서울대예술복합계연구동 1층,주차,02-877-7186,서울특별시 관악구 관악로 1 서울대예술복합계연구동 1층,37.455872576,126.952936827
서울 관악구,낙성대역점,영업중,서울특별시 관악구 남부순환로 1922 ,흡연시설,070-4716-0775,서울특별시 관악구 남부순환로 1922,37.477015643,126.962654557
서울 노원구,노원문화의거리점,영업중,서울특별시 노원구 노해로81길 22-26 할리스,,02-935-8231,서울특별시 노원구 노해로81길 22-26 할리스,37.655918740,127.063972005
경기 평택시,송탄점,영업중,경기도 평택시 관광특구로 31 (서정동) 할리스,테라스 흡연시설,031-667-1229,경기도 평택시 관광특구로 31,37.067089335,127.062553074
부산 해운대구,부산해운대점,영업중,"부산광역시 해운대구 해운대해변로 277, 다옴빌딩 1~2층 (중1동 1412-7) 할리스",테라스 24시간 흡연시설,051-746-1463,부산광역시 해운대구 해운대해변로 277,35.159871208,129.161556309
서울 강남구,도곡점,영업중,"서울특별시 강남구 논현로28길 54, 덕원빌딩 1층 (도곡동 422-2) 할리스",,02-6204-3311,서울특별시 강남구 논현로28길 54,37.484529282,127.046195722
서울 종로구,대명거리점,영업중,서울특별시 종로구 대명길 4 2~4층 할리스,,02-747-0348,서울특별시 종로구 대명길 4 2~4층 할리스,37.583800261,127.001182381
부산 남구,부산경성대점,영업중,"부산광역시 남구 용소로 7, 청라빌딩 2~3층 (대연동 56-8) 할리스",흡연시설,051-611-6893,부산광역시 남구 용소로 7,35.136674680,129.100632037
경기 성남시 분당구,분당수내엔타워점,영업중,"경기도 성남시 분당구 황새울로200번길 26, 엔타워빌딩 1층 (수내동, 교보생명)",테라스,031-712-0341,경기도 성남시 분당구 황새울로200번길 26,37.376569887,127.113177138
인천 연수구,인천한옥마을점,영업중,"인천광역시 연수구 테크노파크로 180, 다동 지상1층(송도동) ",주차,032-831-0337,인천광역시 연수구 테크노파크로 180,37.390821221,126.638817229
인천 남동구,인천구월로데오점,영업중,"인천광역시 남동구 인하로 497-24 (구월동, 조한빌딩) 1층",24시간 흡연시설 주차,032-421-0399,인천광역시 남동구 인하로 497-24,37.444499467,126.702215951
서울 강남구,강남역점,영업중,"서울특별시 강남구 강남대로 402, 시계탑빌딩 B1~1층 (역삼동 820-11)  할리스",,02-555-0890,서울특별시 강남구 강남대로 402,37.498786832,127.027847872
대전 서구,대전둔산청솔점,영업중,대전광역시 서구 둔산로 223 제상가 2동 할리스,테라스 흡연시설,042-489-7990,대전광역시 서구 둔산로 223 제상가 2동 할리스,36.353239955,127.399194973
경기 수원시 권선구,수원권선점,영업중,경기도 수원시 권선구  권선로 667 (권선동) 1층 할리스,테라스 24시간 흡연시설 주차,031-302-2601,경기도 수원시 권선구  권선로 667,37.260165077,127.024412545
서울 용산구,용산더프라임점,영업중,서울특별시 용산구 원효로90길 11 더프라임타워 업무동 1층,주차,02-6362-7990,서울특별시 용산구 원효로90길 11 더프라임타워 업무동 1층,37.540400021,126.969732091
경남 창원시 마산회원구,마산터미널점,영업중,"경상남도 창원시 마산회원구 합성옛길 159, 마산시외버스터미널 1층(합성동 267) 할리스",흡연시설 주차,055-251-5698,경상남도 창원시 마산회원구 합성옛길 159,35.238705230,128.583851460
서울 종로구,세종로점,영업중,"서울특별시 종로구 세종대로 161, 2~3층 (세종로 200) 할리스",흡연시설,02-720-5582,서울특별시 종로구 세종대로 161,37.570717027,126.976356287
서울 광진구,광장점,영업중,"서울특별시 광진구 광나루로620, 이진빌딩 1층 (구의동 199-2) 할리스",,070-4706-0293,서울특별시 광진구 광나루로620,37.540617972,127.096045262
충북 청주시 흥덕구,청주하복대점,영업중,"충청북도 청주시 흥덕구  2순환로1167번길 5 1,2층",,043-234-4069,충청북도 청주시 흥덕구  2순환로1167번길 5 1,36.631628425,127.426955638
경기 수원시 팔달구,수원역점,영업중,경기도 수원시 팔달구 향교로 6 (매산로1가),테라스 흡연시설,031-257-3313,경기도 수원시 팔달구 향교로 6,37.267526826,127.001797506
서울 종로구,종로코리안리빌딩점,영업중,서울특별시 종로구 종로5길 68 코리안리빌딩 1층 할리스 (주말 휴점),주차,070-4733-4828,서울특별시 종로구 종로5길 68 코리안리빌딩 1층 할리스,37.573406200,126.980460630
경기 성남시 분당구,성남터미널점,영업중,"경기도 성남시 분당구  성남대로925번길 16 (야탑동, 분당종합터미널) 1층 할리스 ",테라스 주차,031-725-1004,경기도 성남시 분당구  성남대로925번길 16,37.413046999,127.127287821
서울 마포구,합정역점,영업중,서울특별시 마포구 양화로 36 (합정동 374-1) 할리스,흡연시설,02-6204-1234,서울특별시 마포구 양화로 36,37.548538794,126.913332723
부산 해운대구,부산달맞이점,영업중,"부산광역시 해운대구 달맞이길 199, 2~3층 (중동 1488-14) 할리스",테라스 주차,051-731-3410,부산광역시 해운대구 달맞이길 199,35.158695746,129.182764522
경기 성남시 수정구,신흥역점,영업중,경기도 성남시 수정구 산성대로 265 (신흥동) 2층 할리스,흡연시설,031-626-6140,경기도 성남시 수정구 산성대로 265,37.440926826,127.146302140
경기 수원시 영통구,아주대점,영업중,경기도 수원시 영통구  중부대로 258 (매탄동),흡연시설,031-211-2884,경기도 수원시 영통구  중부대로 258,37.274424255,127.043981235
서울 관악구,신림점,영업중,서울특별시 관악구 신림로 353-1,테라스 24시간 흡연시설,02-877-0019,서울특별시 관악구 신림로 353-1,37.485951671,126.929241228
서울 중구,태평로점,영업중,"서울특별시 중구 세종대로 64, 해남빌딩 1층 (태평로2가 70-5) 할리스",흡연시설,02-755-7795,서울특별시 중구 세종대로 64,37.562014652,126.976628023
서울 용산구,이태원점,영업중,서울특별시 용산구  이태원로 179,테라스 24시간 흡연시설,02-749-8752,서울특별시 용산구  이태원로 179,37.534681833,126.994068175
부산 부산진구,부산서면본점,영업중,"부산광역시 부산진구 동천로 73, DS타워 1~2층 (부전동 부전동 169-1) 할리스",흡연시설,051-819-9117,부산광역시 부산진구 동천로 73,35.155220810,129.062101137
서울 서대문구,신촌점,영업중,서울특별시 서대문구 연세로 34 (창천동 31-12)  할리스,테라스 흡연시설,02-393-2004,서울특별시 서대문구 연세로 34,37.558633616,126.937139952
