No,월,화,수,목,금,토,일
0,쇼미더럭키짱!,쇼미더럭키짱!,쇼미더럭키짱!,쇼미더럭키짱!,쇼미더럭키짱!,2022 서브병에 빠지다!,독립일기
1,참교육,김부장,전지적 독자 시점,독립일기,외모지상주의,조조코믹스,싸움독학
2,2022 서브병에 빠지다!,여신강림,화산귀환,더 복서,2022 서브병에 빠지다!,취사병 전설이 되다,입학용병
3,신의 탑,2022 서브병에 빠지다!,조조코믹스,연애혁명,갓 오브 하이스쿨,프리드로우,약한영웅
4,소녀의 세계,1을 줄게,헬퍼 2 : 킬베로스,나노마신,나 혼자 만렙 뉴비,신림/남/22,존망코인
5,퀘스트지상주의,한림체육관,먹는 인생,기기괴괴,내과 박원장,먹는 인생,투신전생기
6,장씨세가 호위무사,내가 키운 S급들,캐슬,신림/남/22,데드퀸,스퍼맨 : 전하지 못한 이야기,열렙전사
7,백수세끼,사신소년,여고생 드래곤,이두나!,광마회귀,여고생 드래곤,그 해 우리는 - 초여름이 좋아!
8,팔이피플,하루만 네가 되고 싶어,튜토리얼 탑의 고인물,나 혼자 네크로맨서,재혼 황후,초인의 시대,수희0(tngmlek0)
9,앵무살수,중증외상센터 : 골든 아워,일렉시드,현실퀘스트,1초,망나니 소교주로 환생했다,일타강사 백사부
10,만렙돌파,달콤살벌한 부부,남주의 첫날밤을 가져버렸다,정글쥬스,개를 낳았다,아사,무서운게 딱좋아!
11,잔불의 기사,랜덤채팅의 그녀!,66666년 만에 환생한 흑마법사,천마육성,죽지 않으려면,니나의 마법서랍,이번 생도 잘 부탁해
12,요리GO,용사가 돌아왔다,나쁜사람,무사만리행,삼국지톡,은탄,어느날 갑자기 서울은
13,리턴 투 플레이어,신도림,급식아빠,겟백,낙향문사전,나이트런,소녀재판
14,더블클릭,엽총소년,고삼무쌍,국세청 망나니,세기말 풋사과 보습학원,7FATES: CHAKHO,"곱게 키웠더니, 짐승"
15,칼가는 소녀,니나의 마법서랍,연놈,묵시의 인플루언서,서울역 드루이드,윌유메리미,테러대부활
16,히어로메이커,삼국지톡,여주실격!,포식동물,소극적 인간,아홉수 우리들,오로지 너를 이기고 싶어
17,똑 닮은 딸,헬58,빌드업,별을 삼킨 너에게,상위1%,스터디그룹,별이삼샵
18,별을 쫓는 소년들,애옹식당,더 퀸즈,쿠베라,더 게이머,청춘 블라썸,내일
19,평범한 8반,집이 없어,내 남편과 결혼해줘,오빠세끼,상남자,소공녀 민트,경자 전성시대
20,물어보는 사이,하북팽가 막내아들,세상은 돈과 권력,하드캐리,푸쉬오프,존잘주의,살아남은 로맨스
21,황제와의 하룻밤,소극적 인간,마른 가지에 바람처럼,꽃만 키우는데 너무강함,뫼신 사냥꾼,반드시 해피엔딩,동생친구
22,결혼생활 그림일기,원주민 공포만화,미래의 골동품 가게,최강전설 강해효,쌈빡,용사참수인,판사 이한영
23,신군,덴큐,고등단편.zip,불편한 관계,구남친이 내게 반했다,"나태 공자, 노력 천재 되다",합격시켜주세용
24,꼬리잡기,윌유메리미,비인간,신비,말년용사,최면학교,생존고백
25,레지나레나 - 용서받지 못한 그대에게,성인초딩,사상최강,가상&RPG,A.I. 닥터,소년 검사,가비지타임
26,악녀 18세 공략기,택배 왔습니다,판타지 여동생!,마왕까지 한 걸음,플레이어,나를 바꿔줘,벚꽃이 흩날릴 무렵
27,이별 후 사내 결혼,몬스터,귀곡의 문,흑막 여주가 날 새엄마로 만들려고 해,히어로 킬러,피라미드 게임,DARK MOON: 달의 제단
28,제왕: 빛과 그림자,호랑이 들어와요,탈영일지,만능잡캐,역대급 영지 설계사,좀비 파이트,여우애담
29,꿈의 기업,또 다른 사랑,하렘의 남자들,해시의 신루,그렇고 그런 바람에,배달의 신,시월드가 내게 집착한다
30,아는 여자애,위아더좀비,혁명 뒤 공주는,나쁜 마법사의 꿈,가슴털 로망스,탑코너,로어 올림푸스
31,"아, 쫌 참으세요 영주님!",하우스키퍼,변방의 외노자,완벽한 결혼의 정석,희란국연가,어글리후드,위닝샷!
32,장난감,100,언덕 위의 제임스,침묵의 밤,그들이 사귀는 세상,엑스애쉬,학교정벌
33,오빠집이 비어서,빌런투킬,아도나이,만물의 영장,스포,태백 : 튜토리얼 맨,사실 마법이었던 거임
34,순정말고 순종,견우와 선녀,칼부림,안개무덤,그 기사가 레이디로 사는 법,물위의 우리,"구해줘, 호구!"
35,이제야 연애,"플레이, 플리",가짜 동맹,온에어,골든 체인지,은둔코인,생존로그
36,바퀴,"대공님, 실수였어요!",밤낚시,선남친 후연애,미혼남녀의 효율적 만남,최강부캐,천치전능
37,말박왕,그 남주와 이별하는 방법,필생기,마계인섬,빨간맛 로맨스,지옥급식,전설의 화석
38,원작은 완결난 지 한참 됐습니다만,미신,헤어지면 죽음,시월드 판타지,후덜덜덜 남극전자,홍시는 날 좋아해!,몸이 바뀌는 사정
39,와이키키 뱀파이어,용왕님의 셰프가 되었습니다,하지만 너는 2D잖아,마법사랑해,식인귀,일상이 무너졌다,결혼까지 망상했어!
40,나만의 고막남친,3cm 헌터,마녀와 용의 신혼일기,킬더킹,여우놀이,메트로헌터,철수와 영희 이야기
41,착한건 돈이된다,빅맨,관종교장,네가 죽기를 바랄 때가 있었다,사람의 조각,공유몽,돌&아이
42,싸이코 리벤지,은주의 방 2~3부,오징어도 사랑이 되나요?,마녀의 심판은 꽃이 된다,짝사랑 마들렌,봐선 안되는 것,예쁜 사나이
43,야생천사 보호구역,정년이,내가 죽기로 결심한 것은,"그 개, 만두",버그: 스티그마,감 비서가 고장났다,후궁 스캔들
44,"또다시, 계약 부부",이상형은 아닙니다,방탈출,야만의 시대,피와 나비,남편을 만렙으로 키우려 합니다,사람은 고쳐 쓰는 게 아니야!
45,최후의 금빛아이,연우의 순정,수요웹툰의 나강림,달의 요람,백년게임,"저무는 해, 시린 눈",굿 리스너
46,달로 만든 아이,제로게임,잿빛도 색이다,루커피쳐,여성전용헬스장 진달래짐,내게 필요한 NO맨스,오른눈이 보는 세계
47,하루의 하루,숲속의 담,얼굴천재,배트맨: 웨인 패밀리 어드벤처,도무지 그애는,지구식 구원자 전형,신이 담긴 아이
48,왕따협상,나타나주세요!,로어 올림푸스,환상연가,엽사:요괴사냥꾼,좋아해 아니 싫어해,"라커, 오프너"
49,원하는 건 너 하나,시벨롬 리스트,괴물공작의 딸,THE 런웨이,감자마을,묘령의 황자,취향 소개소
50,이중첩자,오파츠,블랙홀과 3만원,소녀180,리트리츠,같은 학교 친구,조선여우스캔들
51,홍천기,나의 플랏메이트,반귀,소년의 기록,"주님, 악마가 되게 해주세요!",전생연분,불순물
52,드로잉 레시피,열녀박씨 계약결혼뎐,속보입니다,시에라,너의 미소가 함정,왕세자 입학도,황제에게 하트를 심어주세요
53,모스크바의 여명,안식의 밤,범이올시다!,겟라이프,로판 빙의 만화,중매쟁이 아가 황녀님,보스의 노골적 취향
54,백호랑,그녀석 정복기,화가 살리에르,그 황제가 시곗바늘을 되돌린 사연,미친 후작을 길들이고 말았다,팔려 온 신부,혀로 만난 사이
55,남주서치,나는 어디에나 있다,해귀,어차피 남편은!,네버엔딩달링,키스 식스 센스,거래하실래요?
56,중독연구소,자판귀,두 번 사는 프로듀서,세라미안,이게 아닌데,주욱 같은 하루,당신의 여자가 되고 싶어요
57,역주행!,필리아로제 - 가시왕관의 예언,구사일생 로맨스,보물과 괴물의 도시,인피니티,홍대 바이브,가짜인간
58,마지막 지수,이븐 모어,사랑과 평강의 온달!,성스러운 아이돌,재앙의 날,오늘부터 천생연분,데이즈
59,개밥 먹는 남자,기계증식증,무용과 남학생,이계 무슨 황비,오!너의 리스크,좋은데 어떡해,다시 또 봄
60,그림자 신부,프린스 메이커,스캔들,유리와 유리와 유리,악몽일기,더 나우,독신마법사 기숙아파트
61,바로 보지 않는,급식러너,웰컴 온보드,아빠같은 남자,태권보이,"안녕, 이바다씨",샤인 스타
62,이탄국의 자청비,NG불가,반짝반짝 작은 눈,폭탄주먹 변대장,달이 없는 나라,사서고생!,제타
63,모락모락 왕세자님,지원이들,구주,혼모노트,여름여자 하보이,스트릿 워크아웃,보통아이
64,슈퍼스타 천대리,교환학생,뱀은 꽃을 먹는가,온새미로,트럼프,도사 가온,랑데뷰
65,헬로맨스,풋내기들,"오직, 밝은 미래",카루나,히트포인트,밤을 깨우는 마법,짝사랑의 유서
66,트리거,고등매직,재난소년,돌아온 여기사,빨리감기,숨겨진 성녀,푸른불꽃
67,사막에 핀 달,피로만땅,수호하는 너에게,평범한 낙원,아찔한 전남편,아가사,패션쇼
68,보살님이 캐리해!,다꾸남,천도,어느날 네가 떠올라!,나쁜 쪽으로,2-3승강장,
69,오로지 오로라,대신 심부름을 해다오,시효완성,모어 라이프,합법해적 파르페,광해의 연인,
70,기사님을 지켜줘,찐:종합게임동아리,나의 계절,멸망X초이스,꽃 피우는 남자,인간졸업,
71,찌질하지만 로맨스는 하고 싶어,하나in세인,,온실 속 화초,팬시X팬시,"나를 길들여 봐, 차비서",
72,결백한 사람은 없다,,,,강림전기 개정기,아침을 지나 밤으로,
73,,,,,킬러방 : 퍼스트 킬,먹지마세요,
74,,,,,"행운을 빌어요, 용사님!",실버 쥬얼,
75,,,,,매지컬 메디컬,,
76,,,,,다름이 아니라,,
